{"type": "FeatureCollection", "totalFeatures": 494, "features": [{"type": "Feature", "id": "mmr_pplp1_mimu250k.1", "geometry": {"type": "Point", "coordinates": [100.5508240699067, 21.329759787341107]}, "geometry_name": "the_geom", "properties": {"SD_Pcode": "MMR016", "State_Divi": "Shan (East)", "D_Pcode": "MMR016D003", "District": "Tachileik", "TS_Pcode": "MMR016011", "Township": "Mongyawng", "Town_Pcode": "MMR016011702", "Town": "Mongyu", "Town_MMR4": "\u1019\u102d\u102f\u1004\u103a\u1038\u101a\u102f", "Longitude": 100.5508240699067, "Latitude": 21.329759787341107, "Level": "Other Town", "Source": "GAD, Mar 2015", "Remark": ""}}, {"type": "Feature", "id": "mmr_pplp1_mimu250k.2", "geometry": {"type": "Point", "coordinates": [100.534, 20.867]}, "geometry_name": "the_geom", "properties": {"SD_Pcode": "MMR016", "State_Divi": "Shan (East)", "D_Pcode": "MMR016D003", "District": "Tachileik", "TS_Pcode": "MMR016009", "Township": "Tachileik", "Town_Pcode": "MMR016009702", "Town": "Kenglat", "Town_MMR4": "\u1000\u103b\u102d\u102f\u1004\u103a\u1038\u101c\u1015\u103a", "Longitude": 100.534, "Latitude": 20.867, "Level": "Other Town", "Source": "GAD, Mar 2015", "Remark": ""}}, {"type": "Feature", "id": "mmr_pplp1_mimu250k.3", "geometry": {"type": "Point", "coordinates": [100.35789714495627, 21.18069821559767]}, "geometry_name": "the_geom", "properties": {"SD_Pcode": "MMR016", "State_Divi": "Shan (East)", "D_Pcode": "MMR016D003", "District": "Tachileik", "TS_Pcode": "MMR016011", "Township": "Mongyawng", "Town_Pcode": "MMR016011701", "Town": "Mongyawng", "Town_MMR4": "\u1019\u102d\u102f\u1004\u103a\u1038\u101a\u1031\u102c\u1004\u103a\u1038", "Longitude": 100.35789714495627, "Latitude": 21.18069821559767, "Level": "Main Town", "Source": "GAD, Mar 2015", "Remark": ""}}, {"type": "Feature", "id": "mmr_pplp1_mimu250k.4", "geometry": {"type": "Point", "coordinates": [100.093069143, 20.7126192543]}, "geometry_name": "the_geom", "properties": {"SD_Pcode": "MMR016", "State_Divi": "Shan (East)", "D_Pcode": "MMR016D003", "District": "Tachileik", "TS_Pcode": "MMR016009", "Township": "Tachileik", "Town_Pcode": "MMR016009703", "Town": "Tarlay", "Town_MMR4": "\u1010\u102c\u101c\u1031", "Longitude": 100.093069143, "Latitude": 20.7126192543, "Level": "Other Town", "Source": "GAD, Mar 2015", "Remark": ""}}, {"type": "Feature", "id": "mmr_pplp1_mimu250k.5", "geometry": {"type": "Point", "coordinates": [100.01867, 21.6729]}, "geometry_name": "the_geom", "properties": {"SD_Pcode": "MMR016", "State_Divi": "Shan (East)", "D_Pcode": "MMR016D001", "District": "Kengtung", "TS_Pcode": "MMR016005", "Township": "Mongla", "Town_Pcode": "MMR016005701", "Town": "Mongla", "Town_MMR4": "\u1019\u102d\u102f\u1004\u103a\u1038\u101c\u102c\u1038", "Longitude": 100.01867, "Latitude": 21.6729, "Level": "Main Town", "Source": "GAD, Mar 2015", "Remark": ""}}, {"type": "Feature", "id": "mmr_pplp1_mimu250k.6", "geometry": {"type": "Point", "coordinates": [99.92333, 20.87804]}, "geometry_name": "the_geom", "properties": {"SD_Pcode": "MMR016", "State_Divi": "Shan (East)", "D_Pcode": "MMR016D003", "District": "Tachileik", "TS_Pcode": "MMR016010", "Township": "Monghpyak", "Town_Pcode": "MMR016010701", "Town": "Monghpyak", "Town_MMR4": "\u1019\u102d\u102f\u1004\u103a\u1038\u1016\u103c\u1010\u103a", "Longitude": 99.92333, "Latitude": 20.87804, "Level": "Main Town", "Source": "GAD, Mar 2015", "Remark": ""}}, {"type": "Feature", "id": "mmr_pplp1_mimu250k.7", "geometry": {"type": "Point", "coordinates": [99.88403, 20.45304]}, "geometry_name": "the_geom", "properties": {"SD_Pcode": "MMR016", "State_Divi": "Shan (East)", "D_Pcode": "MMR016D003", "District": "Tachileik", "TS_Pcode": "MMR016009", "Township": "Tachileik", "Town_Pcode": "MMR016009701", "Town": "Tachileik", "Town_MMR4": "\u1010\u102c\u1001\u103b\u102e\u101c\u102d\u1010\u103a", "Longitude": 99.88403, "Latitude": 20.45304, "Level": "District Capital", "Source": "GAD, Mar 2015", "Remark": ""}}, {"type": "Feature", "id": "mmr_pplp1_mimu250k.8", "geometry": {"type": "Point", "coordinates": [99.68711, 21.84235]}, "geometry_name": "the_geom", "properties": {"SD_Pcode": "MMR016", "State_Divi": "Shan (East)", "D_Pcode": "MMR016D001", "District": "Kengtung", "TS_Pcode": "MMR016003", "Township": "Mongyang", "Town_Pcode": "MMR016003701", "Town": "Mongyang", "Town_MMR4": "\u1019\u102d\u102f\u1004\u103a\u1038\u101a\u1014\u103a\u1038", "Longitude": 99.68711, "Latitude": 21.84235, "Level": "Main Town", "Source": "GAD, Mar 2015", "Remark": ""}}, {"type": "Feature", "id": "mmr_pplp1_mimu250k.9", "geometry": {"type": "Point", "coordinates": [99.6036, 21.29189]}, "geometry_name": "the_geom", "properties": {"SD_Pcode": "MMR016", "State_Divi": "Shan (East)", "D_Pcode": "MMR016D001", "District": "Kengtung", "TS_Pcode": "MMR016001", "Township": "Kengtung", "Town_Pcode": "MMR016001701", "Town": "Kengtung", "Town_MMR4": "\u1000\u103b\u102d\u102f\u1004\u103a\u1038\u1010\u102f\u1036", "Longitude": 99.6036, "Latitude": 21.29189, "Level": "District Capital", "Source": "GAD, Mar 2015", "Remark": ""}}, {"type": "Feature", "id": "mmr_pplp1_mimu250k.10", "geometry": {"type": "Point", "coordinates": [99.59892, 21.98542]}, "geometry_name": "the_geom", "properties": {"SD_Pcode": "MMR016", "State_Divi": "Shan (East)", "D_Pcode": "MMR016D333", "District": "Mong Pawk (Wa SAD)", "TS_Pcode": "MMR016319", "Township": "Mong Hpen", "Town_Pcode": "MMR016319701", "Town": "Mong Hpen", "Town_MMR4": "\u1019\u102d\u102f\u1004\u103a\u1038\u1016\u103b\u1014\u103a", "Longitude": 99.59892, "Latitude": 21.98542, "Level": "Other Town", "Source": "Field Sources", "Remark": "Town not included in the GAD Gazette"}}, {"type": "Feature", "id": "mmr_pplp1_mimu250k.11", "geometry": {"type": "Point", "coordinates": [99.5506704369169, 22.0414317333637]}, "geometry_name": "the_geom", "properties": {"SD_Pcode": "MMR016", "State_Divi": "Shan (East)", "D_Pcode": "MMR016D333", "District": "Mong Pawk (Wa SAD)", "TS_Pcode": "MMR016320", "Township": "Ho Tawng (Ho Tao)", "Town_Pcode": "MMR016320701", "Town": "Ho Tawng (Ho Tao)", "Town_MMR4": "\u101f\u102d\u102f\u1010\u1031\u102c\u1004\u103a\u1038", "Longitude": 99.5506704369169, "Latitude": 22.0414317333637, "Level": "Other Town", "Source": "Field Sources", "Remark": "Town not included in the GAD Gazette"}}, {"type": "Feature", "id": "mmr_pplp1_mimu250k.12", "geometry": {"type": "Point", "coordinates": [99.4636009715, 20.7404832998]}, "geometry_name": "the_geom", "properties": {"SD_Pcode": "MMR016", "State_Divi": "Shan (East)", "D_Pcode": "MMR016D002", "District": "Monghsat", "TS_Pcode": "MMR016006", "Township": "Monghsat", "Town_Pcode": "MMR016006702", "Town": "Mongkhoke", "Town_MMR4": "\u1019\u102d\u102f\u1004\u103a\u1038\u1001\u102f\u1010\u103a", "Longitude": 99.4636009715, "Latitude": 20.7404832998, "Level": "Other Town", "Source": "GAD, Mar 2015", "Remark": ""}}, {"type": "Feature", "id": "mmr_pplp1_mimu250k.13", "geometry": {"type": "Point", "coordinates": [99.46377, 21.7499]}, "geometry_name": "the_geom", "properties": {"SD_Pcode": "MMR016", "State_Divi": "Shan (East)", "D_Pcode": "MMR016D001", "District": "Kengtung", "TS_Pcode": "MMR016002", "Township": "Mongkhet", "Town_Pcode": "MMR016002701", "Town": "Mongkhet", "Town_MMR4": "\u1019\u102d\u102f\u1004\u103a\u1038\u1001\u1010\u103a", "Longitude": 99.46377, "Latitude": 21.7499, "Level": "Main Town", "Source": "GAD, Mar 2015", "Remark": ""}}, {"type": "Feature", "id": "mmr_pplp1_mimu250k.14", "geometry": {"type": "Point", "coordinates": [99.46016, 22.9794]}, "geometry_name": "the_geom", "properties": {"SD_Pcode": "MMR015", "State_Divi": "Shan (North)", "D_Pcode": "MMR015D331", "District": "Mong Maw (Wa SAD)", "TS_Pcode": "MMR015306", "Township": "Hkun Mar (Hkwin Ma)", "Town_Pcode": "MMR015306701", "Town": "Hkun Mar (Hkwin Ma)", "Town_MMR4": "\u1001\u103d\u1014\u103a\u1038\u1019\u102c\u1038", "Longitude": 99.46016, "Latitude": 22.9794, "Level": "Other Town", "Source": "Field Sources", "Remark": "Town not included in the GAD Gazette"}}, {"type": "Feature", "id": "mmr_pplp1_mimu250k.15", "geometry": {"type": "Point", "coordinates": [99.41942, 21.84343]}, "geometry_name": "the_geom", "properties": {"SD_Pcode": "MMR016", "State_Divi": "Shan (East)", "D_Pcode": "MMR016D333", "District": "Mong Pawk (Wa SAD)", "TS_Pcode": "MMR016322", "Township": "Mong Kar", "Town_Pcode": "MMR016322701", "Town": "Mong Kar", "Town_MMR4": "\u1019\u102d\u102f\u1004\u103a\u1038\u1000\u102c", "Longitude": 99.41942, "Latitude": 21.84343, "Level": "Other Town", "Source": "Field Sources", "Remark": "Town not included in the GAD Gazette"}}, {"type": "Feature", "id": "mmr_pplp1_mimu250k.16", "geometry": {"type": "Point", "coordinates": [99.36871, 22.90568]}, "geometry_name": "the_geom", "properties": {"SD_Pcode": "MMR015", "State_Divi": "Shan (North)", "D_Pcode": "MMR015D331", "District": "Mong Maw (Wa SAD)", "TS_Pcode": "MMR015307", "Township": "Long Htan", "Town_Pcode": "MMR015307701", "Town": "Long Htan", "Town_MMR4": "\u101c\u102f\u1036\u1011\u1014\u103a", "Longitude": 99.36871, "Latitude": 22.90568, "Level": "Other Town", "Source": "Field Sources", "Remark": "Town not included in the GAD Gazette"}}, {"type": "Feature", "id": "mmr_pplp1_mimu250k.17", "geometry": {"type": "Point", "coordinates": [99.30908332637424, 23.05627810462618]}, "geometry_name": "the_geom", "properties": {"SD_Pcode": "MMR015", "State_Divi": "Shan (North)", "D_Pcode": "MMR015D006", "District": "Hopang", "TS_Pcode": "MMR015007", "Township": "Pangwaun", "Town_Pcode": "MMR015007701", "Town": "Pangwaun", "Town_MMR4": "\u1015\u1014\u103a\u101d\u102d\u102f\u1004\u103a", "Longitude": 99.30908332637424, "Latitude": 23.05627810462618, "Level": "Main Town", "Source": "Field Sources", "Remark": "Town not included in the GAD Gazette"}}, {"type": "Feature", "id": "mmr_pplp1_mimu250k.18", "geometry": {"type": "Point", "coordinates": [99.31197, 22.95939]}, "geometry_name": "the_geom", "properties": {"SD_Pcode": "MMR015", "State_Divi": "Shan (North)", "D_Pcode": "MMR015D331", "District": "Mong Maw (Wa SAD)", "TS_Pcode": "MMR015308", "Township": "Yawng Lin", "Town_Pcode": "MMR015308701", "Town": "Yawng Lin", "Town_MMR4": "\u101a\u1031\u102c\u1004\u103a\u101c\u1004\u103a\u1038", "Longitude": 99.31197, "Latitude": 22.95939, "Level": "Other Town", "Source": "Field Sources", "Remark": "Town not included in the GAD Gazette"}}, {"type": "Feature", "id": "mmr_pplp1_mimu250k.19", "geometry": {"type": "Point", "coordinates": [99.3101, 22.0082]}, "geometry_name": "the_geom", "properties": {"SD_Pcode": "MMR016", "State_Divi": "Shan (East)", "D_Pcode": "MMR016D001", "District": "Kengtung", "TS_Pcode": "MMR016003", "Township": "Mongyang", "Town_Pcode": "MMR016003702", "Town": "Mongpauk", "Town_MMR4": "\u1019\u102d\u102f\u1004\u103a\u1038\u1015\u1031\u102b\u1000\u103a", "Longitude": 99.3101, "Latitude": 22.0082, "Level": "Other Town", "Source": "GAD, Mar 2015", "Remark": ""}}, {"type": "Feature", "id": "mmr_pplp1_mimu250k.20", "geometry": {"type": "Point", "coordinates": [99.28781, 21.33004]}, "geometry_name": "the_geom", "properties": {"SD_Pcode": "MMR016", "State_Divi": "Shan (East)", "D_Pcode": "MMR016D001", "District": "Kengtung", "TS_Pcode": "MMR016007", "Township": "Mongping", "Town_Pcode": "MMR016007702", "Town": "Tontar", "Town_MMR4": "\u1010\u102f\u1036\u1010\u102c", "Longitude": 99.28781, "Latitude": 21.33004, "Level": "Other Town", "Source": "GAD, Mar 2015", "Remark": ""}}, {"type": "Feature", "id": "mmr_pplp1_mimu250k.21", "geometry": {"type": "Point", "coordinates": [99.28307, 22.62819]}, "geometry_name": "the_geom", "properties": {"SD_Pcode": "MMR015", "State_Divi": "Shan (North)", "D_Pcode": "MMR015D331", "District": "Mong Maw (Wa SAD)", "TS_Pcode": "MMR015312", "Township": "Yin Pang", "Town_Pcode": "MMR015312701", "Town": "Yin Pang", "Town_MMR4": "\u101b\u1004\u103a\u1016\u1014\u103a\u1037", "Longitude": 99.28307, "Latitude": 22.62819, "Level": "Other Town", "Source": "Field Sources", "Remark": "Town not included in the GAD Gazette"}}, {"type": "Feature", "id": "mmr_pplp1_mimu250k.22", "geometry": {"type": "Point", "coordinates": [99.24724, 20.50544]}, "geometry_name": "the_geom", "properties": {"SD_Pcode": "MMR016", "State_Divi": "Shan (East)", "D_Pcode": "MMR016D002", "District": "Monghsat", "TS_Pcode": "MMR016006", "Township": "Monghsat", "Town_Pcode": "MMR016006701", "Town": "Monghsat", "Town_MMR4": "\u1019\u102d\u102f\u1004\u103a\u1038\u1006\u1010\u103a", "Longitude": 99.24724, "Latitude": 20.50544, "Level": "District Capital", "Source": "GAD, Mar 2015", "Remark": ""}}, {"type": "Feature", "id": "mmr_pplp1_mimu250k.23", "geometry": {"type": "Point", "coordinates": [99.22364801531158, 23.084601984688423]}, "geometry_name": "the_geom", "properties": {"SD_Pcode": "MMR015", "State_Divi": "Shan (North)", "D_Pcode": "MMR015D331", "District": "Mong Maw (Wa SAD)", "TS_Pcode": "MMR015305", "Township": "Hsawng Hpa (Saun Pha)", "Town_Pcode": "MMR015305701", "Town": "Hsawng Hpa (Saun Pha)", "Town_MMR4": "\u1006\u1031\u102c\u1004\u103a\u1016", "Longitude": 99.22364801531158, "Latitude": 23.084601984688423, "Level": "Other Town", "Source": "Field Sources", "Remark": "Town not included in the GAD Gazette"}}, {"type": "Feature", "id": "mmr_pplp1_mimu250k.24", "geometry": {"type": "Point", "coordinates": [99.22358, 22.76395]}, "geometry_name": "the_geom", "properties": {"SD_Pcode": "MMR015", "State_Divi": "Shan (North)", "D_Pcode": "MMR015D331", "District": "Mong Maw (Wa SAD)", "TS_Pcode": "MMR015311", "Township": "Aik Chan (Ai' Chun)", "Town_Pcode": "MMR015311701", "Town": "Aik Chan (Ai' Chun)", "Town_MMR4": "\u1021\u102d\u102f\u1000\u103a\u1001\u103b\u1014\u103a", "Longitude": 99.22358, "Latitude": 22.76395, "Level": "Other Town", "Source": "Field Sources", "Remark": "Town not included in the GAD Gazette"}}, {"type": "Feature", "id": "mmr_pplp1_mimu250k.25", "geometry": {"type": "Point", "coordinates": [99.20034919150875, 21.929056423848397]}, "geometry_name": "the_geom", "properties": {"SD_Pcode": "MMR016", "State_Divi": "Shan (East)", "D_Pcode": "MMR016D333", "District": "Mong Pawk (Wa SAD)", "TS_Pcode": "MMR016323", "Township": "Nam Hpai", "Town_Pcode": "MMR016323701", "Town": "Nam Hpai", "Town_MMR4": "\u1014\u1019\u103a\u1037\u1016\u102d\u102f\u1004\u103a", "Longitude": 99.20034919150875, "Latitude": 21.929056423848397, "Level": "Other Town", "Source": "Field Sources", "Remark": "Town not included in the GAD Gazette"}}, {"type": "Feature", "id": "mmr_pplp1_mimu250k.26", "geometry": {"type": "Point", "coordinates": [99.18664, 22.47704]}, "geometry_name": "the_geom", "properties": {"SD_Pcode": "MMR015", "State_Divi": "Shan (North)", "D_Pcode": "MMR015D332", "District": "Wein Kawng (Wein Kao) (Wa SAD)", "TS_Pcode": "MMR015315", "Township": "Nam Hkam Wu", "Town_Pcode": "MMR015315701", "Town": "Nam Hkam Wu", "Town_MMR4": "\u1014\u1019\u103a\u1001\u1019\u103a\u1038\u101d\u1030\u1038", "Longitude": 99.18664, "Latitude": 22.47704, "Level": "Other Town", "Source": "Field Sources", "Remark": "Town not included in the GAD Gazette"}}, {"type": "Feature", "id": "mmr_pplp1_mimu250k.27", "geometry": {"type": "Point", "coordinates": [99.17044, 22.17594]}, "geometry_name": "the_geom", "properties": {"SD_Pcode": "MMR015", "State_Divi": "Shan (North)", "D_Pcode": "MMR015D007", "District": "Matman", "TS_Pcode": "MMR015005", "Township": "Pangsang", "Town_Pcode": "MMR015005701", "Town": "Pangsang (Pang Hkam)", "Town_MMR4": "\u1015\u1014\u103a\u1006\u1014\u103a\u1038 (\u1015\u1014\u103a\u1001\u1019\u103a\u1038)", "Longitude": 99.17044, "Latitude": 22.17594, "Level": "Main Town", "Source": "GAD, Mar 2015", "Remark": ""}}, {"type": "Feature", "id": "mmr_pplp1_mimu250k.28", "geometry": {"type": "Point", "coordinates": [99.09257652592564, 22.607931176197166]}, "geometry_name": "the_geom", "properties": {"SD_Pcode": "MMR015", "State_Divi": "Shan (North)", "D_Pcode": "MMR015D007", "District": "Matman", "TS_Pcode": "MMR015006", "Township": "Narphan", "Town_Pcode": "MMR015006701", "Town": "Narphan", "Town_MMR4": "\u1014\u102c\u1038\u1016\u1014\u103a", "Longitude": 99.09257652592564, "Latitude": 22.607931176197166, "Level": "Main Town", "Source": "Field Sources", "Remark": "Town not included in the GAD Gazette"}}, {"type": "Feature", "id": "mmr_pplp1_mimu250k.29", "geometry": {"type": "Point", "coordinates": [99.026, 21.3502]}, "geometry_name": "the_geom", "properties": {"SD_Pcode": "MMR016", "State_Divi": "Shan (East)", "D_Pcode": "MMR016D001", "District": "Kengtung", "TS_Pcode": "MMR016007", "Township": "Mongping", "Town_Pcode": "MMR016007701", "Town": "Mongping", "Town_MMR4": "\u1019\u102d\u102f\u1004\u103a\u1038\u1015\u103b\u1009\u103a\u1038", "Longitude": 99.026, "Latitude": 21.3502, "Level": "Main Town", "Source": "GAD, Mar 2015", "Remark": ""}}, {"type": "Feature", "id": "mmr_pplp1_mimu250k.30", "geometry": {"type": "Point", "coordinates": [99.0127764916, 12.0894052627]}, "geometry_name": "the_geom", "properties": {"SD_Pcode": "MMR006", "State_Divi": "Tanintharyi", "D_Pcode": "MMR006D002", "District": "Myeik", "TS_Pcode": "MMR006008", "Township": "Tanintharyi", "Town_Pcode": "MMR006008701", "Town": "Tanintharyi", "Town_MMR4": "\u1010\u1014\u1004\u103a\u1039\u101e\u102c\u101b\u102e", "Longitude": 99.0127764916, "Latitude": 12.0894052627, "Level": "Main Town", "Source": "GAD, Mar 2015", "Remark": ""}}, {"type": "Feature", "id": "mmr_pplp1_mimu250k.31", "geometry": {"type": "Point", "coordinates": [99.0014383295, 11.4684212529]}, "geometry_name": "the_geom", "properties": {"SD_Pcode": "MMR006", "State_Divi": "Tanintharyi", "D_Pcode": "MMR006D003", "District": "Kawthoung", "TS_Pcode": "MMR006010", "Township": "Bokpyin", "Town_Pcode": "MMR006010702", "Town": "Pyigyimandaing", "Town_MMR4": "\u1015\u103c\u100a\u103a\u1000\u103c\u102e\u1038\u1019\u100f\u1039\u100d\u102d\u102f\u1004\u103a", "Longitude": 99.0014383295, "Latitude": 11.4684212529, "Level": "Other Town", "Source": "GAD, Mar 2015", "Remark": ""}}, {"type": "Feature", "id": "mmr_pplp1_mimu250k.32", "geometry": {"type": "Point", "coordinates": [98.9674, 22.9672]}, "geometry_name": "the_geom", "properties": {"SD_Pcode": "MMR015", "State_Divi": "Shan (North)", "D_Pcode": "MMR015D006", "District": "Hopang", "TS_Pcode": "MMR015008", "Township": "Mongmao", "Town_Pcode": "MMR015008701", "Town": "Mongmao", "Town_MMR4": "\u1019\u102d\u102f\u1004\u103a\u1038\u1019\u1031\u102c", "Longitude": 98.9674, "Latitude": 22.9672, "Level": "Main Town", "Source": "Field Sources", "Remark": "Town not included in the GAD Gazette"}}, {"type": "Feature", "id": "mmr_pplp1_mimu250k.33", "geometry": {"type": "Point", "coordinates": [98.93896, 22.30273]}, "geometry_name": "the_geom", "properties": {"SD_Pcode": "MMR015", "State_Divi": "Shan (North)", "D_Pcode": "MMR015D332", "District": "Wein Kawng (Wein Kao) (Wa SAD)", "TS_Pcode": "MMR015314", "Township": "Nawng Hkit", "Town_Pcode": "MMR015314702", "Town": "Wein Kawn", "Town_MMR4": "\u101d\u102d\u1014\u103a\u1038\u1000\u1031\u102c\u1004\u103a", "Longitude": 98.93896, "Latitude": 22.30273, "Level": "Other Town", "Source": "Field Sources", "Remark": "Town not included in the GAD Gazette"}}, {"type": "Feature", "id": "mmr_pplp1_mimu250k.34", "geometry": {"type": "Point", "coordinates": [98.9382, 19.8892]}, "geometry_name": "the_geom", "properties": {"SD_Pcode": "MMR016", "State_Divi": "Shan (East)", "D_Pcode": "MMR016D002", "District": "Monghsat", "TS_Pcode": "MMR016008", "Township": "Mongton", "Town_Pcode": "MMR016008702", "Town": "Ponparkyin", "Town_MMR4": "\u1015\u102f\u1036\u1015\u102b\u1000\u103b\u1004\u103a", "Longitude": 98.9382, "Latitude": 19.8892, "Level": "Other Town", "Source": "GAD, Mar 2015", "Remark": ""}}, {"type": "Feature", "id": "mmr_pplp1_mimu250k.35", "geometry": {"type": "Point", "coordinates": [98.9248, 22.43836]}, "geometry_name": "the_geom", "properties": {"SD_Pcode": "MMR015", "State_Divi": "Shan (North)", "D_Pcode": "MMR015D332", "District": "Wein Kawng (Wein Kao) (Wa SAD)", "TS_Pcode": "MMR015314", "Township": "Nawng Hkit", "Town_Pcode": "MMR015314701", "Town": "Nawng Hkit", "Town_MMR4": "\u1014\u1031\u102c\u1004\u103a\u1001\u1005\u103a", "Longitude": 98.9248, "Latitude": 22.43836, "Level": "Other Town", "Source": "Field Sources", "Remark": "Town not included in the GAD Gazette"}}, {"type": "Feature", "id": "mmr_pplp1_mimu250k.36", "geometry": {"type": "Point", "coordinates": [98.90008, 20.30351]}, "geometry_name": "the_geom", "properties": {"SD_Pcode": "MMR016", "State_Divi": "Shan (East)", "D_Pcode": "MMR016D002", "District": "Monghsat", "TS_Pcode": "MMR016008", "Township": "Mongton", "Town_Pcode": "MMR016008701", "Town": "Mongton", "Town_MMR4": "\u1019\u102d\u102f\u1004\u103a\u1038\u1010\u102f\u1036", "Longitude": 98.90008, "Latitude": 20.30351, "Level": "Main Town", "Source": "GAD, Mar 2015", "Remark": ""}}, {"type": "Feature", "id": "mmr_pplp1_mimu250k.37", "geometry": {"type": "Point", "coordinates": [98.8708786459, 21.9541743447]}, "geometry_name": "the_geom", "properties": {"SD_Pcode": "MMR015", "State_Divi": "Shan (North)", "D_Pcode": "MMR015D007", "District": "Matman", "TS_Pcode": "MMR015024", "Township": "Matman", "Town_Pcode": "MMR015024701", "Town": "Matman", "Town_MMR4": "\u1019\u1000\u103a\u1019\u1014\u103a\u1038", "Longitude": 98.8708786459, "Latitude": 21.9541743447, "Level": "District Capital", "Source": "GAD, Mar 2015", "Remark": ""}}, {"type": "Feature", "id": "mmr_pplp1_mimu250k.38", "geometry": {"type": "Point", "coordinates": [98.86098, 24.09692]}, "geometry_name": "the_geom", "properties": {"SD_Pcode": "MMR015", "State_Divi": "Shan (North)", "D_Pcode": "MMR015S002", "District": "Kokang Self-Administered Zone", "TS_Pcode": "MMR015023", "Township": "Konkyan", "Town_Pcode": "MMR015023702", "Town": "Maw Hteik", "Town_MMR4": "\u200b\u1019\u1031\u102c\u103a\u1011\u102d\u102f\u1000\u103a", "Longitude": 98.86098, "Latitude": 24.09692, "Level": "Other Town", "Source": "GAD, Mar 2015", "Remark": ""}}, {"type": "Feature", "id": "mmr_pplp1_mimu250k.39", "geometry": {"type": "Point", "coordinates": [98.83702, 22.77647]}, "geometry_name": "the_geom", "properties": {"SD_Pcode": "MMR015", "State_Divi": "Shan (North)", "D_Pcode": "MMR015D331", "District": "Mong Maw (Wa SAD)", "TS_Pcode": "MMR015309", "Township": "Lin Haw", "Town_Pcode": "MMR015309701", "Town": "Lin Haw", "Town_MMR4": "\u101c\u1004\u103a\u101f\u1031\u102c\u103a", "Longitude": 98.83702, "Latitude": 22.776470000000003, "Level": "Other Town", "Source": "Field Sources", "Remark": "Town not included in the GAD Gazette"}}, {"type": "Feature", "id": "mmr_pplp1_mimu250k.40", "geometry": {"type": "Point", "coordinates": [98.82419, 23.47557]}, "geometry_name": "the_geom", "properties": {"SD_Pcode": "MMR015", "State_Divi": "Shan (North)", "D_Pcode": "MMR015S002", "District": "Kokang Self-Administered Zone", "TS_Pcode": "MMR015022", "Township": "Laukkaing", "Town_Pcode": "MMR015022702", "Town": "Chinshwehaw", "Town_MMR4": "\u1001\u103b\u1004\u103a\u1038\u101b\u103d\u103e\u1031\u101f\u1031\u102c\u103a", "Longitude": 98.82419, "Latitude": 23.47557, "Level": "Other Town", "Source": "GAD, Mar 2015", "Remark": ""}}, {"type": "Feature", "id": "mmr_pplp1_mimu250k.41", "geometry": {"type": "Point", "coordinates": [98.7967514741, 22.1291182353]}, "geometry_name": "the_geom", "properties": {"SD_Pcode": "MMR015", "State_Divi": "Shan (North)", "D_Pcode": "MMR015D332", "District": "Wein Kawng (Wein Kao) (Wa SAD)", "TS_Pcode": "MMR015318", "Township": "Pang Yang", "Town_Pcode": "MMR015318701", "Town": "Pang Yang", "Town_MMR4": "\u1015\u1014\u103a\u101a\u1014\u103a\u1038", "Longitude": 98.7967514741, "Latitude": 22.1291182353, "Level": "Other Town", "Source": "Field Sources", "Remark": "Town not included in the GAD Gazette"}}, {"type": "Feature", "id": "mmr_pplp1_mimu250k.42", "geometry": {"type": "Point", "coordinates": [98.78571, 23.25641]}, "geometry_name": "the_geom", "properties": {"SD_Pcode": "MMR015", "State_Divi": "Shan (North)", "D_Pcode": "MMR015D006", "District": "Hopang", "TS_Pcode": "MMR015021", "Township": "Hopang", "Town_Pcode": "MMR015021703", "Town": "Pan Lon", "Town_MMR4": "\u1015\u1014\u103a\u101c\u102f\u1036", "Longitude": 98.78571, "Latitude": 23.25641, "Level": "Other Town", "Source": "GAD, Mar 2015", "Remark": ""}}, {"type": "Feature", "id": "mmr_pplp1_mimu250k.43", "geometry": {"type": "Point", "coordinates": [98.76685, 22.50304]}, "geometry_name": "the_geom", "properties": {"SD_Pcode": "MMR015", "State_Divi": "Shan (North)", "D_Pcode": "MMR015D332", "District": "Wein Kawng (Wein Kao) (Wa SAD)", "TS_Pcode": "MMR015313", "Township": "Man Man Hseng", "Town_Pcode": "MMR015313701", "Town": "Man Man Hseng", "Town_MMR4": "\u1019\u1014\u103a\u1019\u1014\u103a\u1006\u102d\u102f\u1004\u103a", "Longitude": 98.76684999999999, "Latitude": 22.50304, "Level": "Other Town", "Source": "Field Sources", "Remark": "Town not included in the GAD Gazette"}}, {"type": "Feature", "id": "mmr_pplp1_mimu250k.44", "geometry": {"type": "Point", "coordinates": [98.76408, 23.69163]}, "geometry_name": "the_geom", "properties": {"SD_Pcode": "MMR015", "State_Divi": "Shan (North)", "D_Pcode": "MMR015S002", "District": "Kokang Self-Administered Zone", "TS_Pcode": "MMR015022", "Township": "Laukkaing", "Town_Pcode": "MMR015022701", "Town": "Laukkaing", "Town_MMR4": "\u101c\u1031\u102c\u1000\u103a\u1000\u102d\u102f\u1004\u103a", "Longitude": 98.76408, "Latitude": 23.69163, "Level": "District Capital", "Source": "GAD, Mar 2015", "Remark": ""}}, {"type": "Feature", "id": "mmr_pplp1_mimu250k.45", "geometry": {"type": "Point", "coordinates": [98.7590942164, 11.2650396798]}, "geometry_name": "the_geom", "properties": {"SD_Pcode": "MMR006", "State_Divi": "Tanintharyi", "D_Pcode": "MMR006D003", "District": "Kawthoung", "TS_Pcode": "MMR006010", "Township": "Bokpyin", "Town_Pcode": "MMR006010701", "Town": "Bokpyin", "Town_MMR4": "\u1018\u102f\u1010\u103a\u1015\u103c\u1004\u103a\u1038", "Longitude": 98.7590942164, "Latitude": 11.2650396798, "Level": "Main Town", "Source": "GAD, Mar 2015", "Remark": ""}}, {"type": "Feature", "id": "mmr_pplp1_mimu250k.46", "geometry": {"type": "Point", "coordinates": [98.75998, 10.93336]}, "geometry_name": "the_geom", "properties": {"SD_Pcode": "MMR006", "State_Divi": "Tanintharyi", "D_Pcode": "MMR006D003", "District": "Kawthoung", "TS_Pcode": "MMR006010", "Township": "Bokpyin", "Town_Pcode": "MMR006010703", "Town": "Karathuri", "Town_MMR4": "\u1000\u101b\u101e\u1030\u101b\u102d", "Longitude": 98.75998, "Latitude": 10.93336, "Level": "Other Town", "Source": "GAD, Mar 2015", "Remark": ""}}, {"type": "Feature", "id": "mmr_pplp1_mimu250k.47", "geometry": {"type": "Point", "coordinates": [98.75029, 23.42544]}, "geometry_name": "the_geom", "properties": {"SD_Pcode": "MMR015", "State_Divi": "Shan (North)", "D_Pcode": "MMR015D006", "District": "Hopang", "TS_Pcode": "MMR015021", "Township": "Hopang", "Town_Pcode": "MMR015021701", "Town": "Hopang", "Town_MMR4": "\u101f\u102d\u102f\u1015\u1014\u103a", "Longitude": 98.75029, "Latitude": 23.42544, "Level": "District Capital", "Source": "GAD, Mar 2015", "Remark": ""}}, {"type": "Feature", "id": "mmr_pplp1_mimu250k.48", "geometry": {"type": "Point", "coordinates": [98.72545, 22.71811]}, "geometry_name": "the_geom", "properties": {"SD_Pcode": "MMR015", "State_Divi": "Shan (North)", "D_Pcode": "MMR015D331", "District": "Mong Maw (Wa SAD)", "TS_Pcode": "MMR015310", "Township": "Ka Lawng Hpar", "Town_Pcode": "MMR015310701", "Town": "Ka Lawng Hpar", "Town_MMR4": "\u1000\u101c\u1031\u102c\u1004\u103a\u1016\u102b", "Longitude": 98.72545, "Latitude": 22.71811, "Level": "Other Town", "Source": "Field Sources", "Remark": "Town not included in the GAD Gazette"}}, {"type": "Feature", "id": "mmr_pplp1_mimu250k.49", "geometry": {"type": "Point", "coordinates": [98.7102692498943, 22.373694821559766]}, "geometry_name": "the_geom", "properties": {"SD_Pcode": "MMR015", "State_Divi": "Shan (North)", "D_Pcode": "MMR015D332", "District": "Wein Kawng (Wein Kao) (Wa SAD)", "TS_Pcode": "MMR015316", "Township": "Nar Kawng", "Town_Pcode": "MMR015316701", "Town": "Nar Kawng", "Town_MMR4": "\u1014\u102c\u1038\u1000\u1031\u102c\u1004\u103a", "Longitude": 98.7102692498943, "Latitude": 22.373694821559766, "Level": "Other Town", "Source": "Field Sources", "Remark": "Town not included in the GAD Gazette"}}, {"type": "Feature", "id": "mmr_pplp1_mimu250k.50", "geometry": {"type": "Point", "coordinates": [98.71324, 16.29392]}, "geometry_name": "the_geom", "properties": {"SD_Pcode": "MMR003", "State_Divi": "Kayin", "D_Pcode": "MMR003D002", "District": "Myawaddy", "TS_Pcode": "MMR003005", "Township": "Myawaddy", "Town_Pcode": "MMR003005703", "Town": "Waw Lay Myaing (Waw Lay)", "Town_MMR4": "\u101d\u1031\u102b\u101c\u1031\u1019\u103c\u102d\u102f\u1004\u103a(\u101d\u1031\u102b\u101c\u1031)", "Longitude": 98.71324, "Latitude": 16.29392, "Level": "Other Town", "Source": "GAD, Mar 2015", "Remark": ""}}, {"type": "Feature", "id": "mmr_pplp1_mimu250k.51", "geometry": {"type": "Point", "coordinates": [98.66354, 23.11117]}, "geometry_name": "the_geom", "properties": {"SD_Pcode": "MMR015", "State_Divi": "Shan (North)", "D_Pcode": "MMR015D331", "District": "Mong Maw (Wa SAD)", "TS_Pcode": "MMR015302", "Township": "Nar Wee (Na Wi)", "Town_Pcode": "MMR015302701", "Town": "Nar Wee (Na Wi)", "Town_MMR4": "\u1014\u102c\u101d\u102e\u1038", "Longitude": 98.66354, "Latitude": 23.11117, "Level": "Other Town", "Source": "Field Sources", "Remark": "Town not included in the GAD Gazette"}}, {"type": "Feature", "id": "mmr_pplp1_mimu250k.52", "geometry": {"type": "Point", "coordinates": [98.5338061837, 21.2887182142]}, "geometry_name": "the_geom", "properties": {"SD_Pcode": "MMR014", "State_Divi": "Shan (South)", "D_Pcode": "MMR014D002", "District": "Loilen", "TS_Pcode": "MMR014014", "Township": "Kunhing", "Town_Pcode": "MMR014014702", "Town": "Kar Li", "Town_MMR4": "\u1000\u102c\u101c\u102d", "Longitude": 98.5338061837, "Latitude": 21.2887182142, "Level": "Other Town", "Source": "GAD, Mar 2015", "Remark": ""}}, {"type": "Feature", "id": "mmr_pplp1_mimu250k.53", "geometry": {"type": "Point", "coordinates": [98.6457918957, 12.9753059471]}, "geometry_name": "the_geom", "properties": {"SD_Pcode": "MMR006", "State_Divi": "Tanintharyi", "D_Pcode": "MMR006D002", "District": "Myeik", "TS_Pcode": "MMR006007", "Township": "Palaw", "Town_Pcode": "MMR006007701", "Town": "Palaw", "Town_MMR4": "\u1015\u102f\u101c\u1031\u102c", "Longitude": 98.6457918957, "Latitude": 12.9753059471, "Level": "Main Town", "Source": "GAD, Mar 2015", "Remark": ""}}, {"type": "Feature", "id": "mmr_pplp1_mimu250k.54", "geometry": {"type": "Point", "coordinates": [98.65052624173474, 23.416454719482573]}, "geometry_name": "the_geom", "properties": {"SD_Pcode": "MMR015", "State_Divi": "Shan (North)", "D_Pcode": "MMR015D001", "District": "Lashio", "TS_Pcode": "MMR015020", "Township": "Kunlong", "Town_Pcode": "MMR015020701", "Town": "Kunlong", "Town_MMR4": "\u1000\u103d\u1019\u103a\u1038\u101c\u102f\u1036", "Longitude": 98.65052624173474, "Latitude": 23.416454719482573, "Level": "Main Town", "Source": "GAD, Mar 2015", "Remark": ""}}, {"type": "Feature", "id": "mmr_pplp1_mimu250k.55", "geometry": {"type": "Point", "coordinates": [98.625, 10.353]}, "geometry_name": "the_geom", "properties": {"SD_Pcode": "MMR006", "State_Divi": "Tanintharyi", "D_Pcode": "MMR006D003", "District": "Kawthoung", "TS_Pcode": "MMR006009", "Township": "Kawthoung", "Town_Pcode": "MMR006009702", "Town": "Khamaukgyi", "Town_MMR4": "\u1001\u1019\u1031\u102c\u1000\u103a\u1000\u103c\u102e\u1038", "Longitude": 98.625, "Latitude": 10.353, "Level": "Other Town", "Source": "GAD, Mar 2015", "Remark": ""}}, {"type": "Feature", "id": "mmr_pplp1_mimu250k.56", "geometry": {"type": "Point", "coordinates": [98.62248263638158, 13.272226562561645]}, "geometry_name": "the_geom", "properties": {"SD_Pcode": "MMR006", "State_Divi": "Tanintharyi", "D_Pcode": "MMR006D002", "District": "Myeik", "TS_Pcode": "MMR006007", "Township": "Palaw", "Town_Pcode": "MMR006007702", "Town": "Palauk", "Town_MMR4": "\u1015\u101c\u1031\u102c\u1000\u103a", "Longitude": 98.62248263638158, "Latitude": 13.272226562561645, "Level": "Other Town", "Source": "GAD, Mar 2015", "Remark": ""}}, {"type": "Feature", "id": "mmr_pplp1_mimu250k.57", "geometry": {"type": "Point", "coordinates": [98.612, 22.94789]}, "geometry_name": "the_geom", "properties": {"SD_Pcode": "MMR015", "State_Divi": "Shan (North)", "D_Pcode": "MMR015D331", "District": "Mong Maw (Wa SAD)", "TS_Pcode": "MMR015303", "Township": "Man Tun", "Town_Pcode": "MMR015303701", "Town": "Man Tun", "Town_MMR4": "\u1019\u1014\u103a\u1010\u103d\u1014\u103a\u1038", "Longitude": 98.612, "Latitude": 22.94789, "Level": "Other Town", "Source": "Field Sources", "Remark": "Town not included in the GAD Gazette"}}, {"type": "Feature", "id": "mmr_pplp1_mimu250k.58", "geometry": {"type": "Point", "coordinates": [98.60978, 12.44112]}, "geometry_name": "the_geom", "properties": {"SD_Pcode": "MMR006", "State_Divi": "Tanintharyi", "D_Pcode": "MMR006D002", "District": "Myeik", "TS_Pcode": "MMR006005", "Township": "Myeik", "Town_Pcode": "MMR006005701", "Town": "Myeik", "Town_MMR4": "\u1019\u103c\u102d\u1010\u103a", "Longitude": 98.60978, "Latitude": 12.44112, "Level": "District Capital", "Source": "GAD, Mar 2015", "Remark": ""}}, {"type": "Feature", "id": "mmr_pplp1_mimu250k.59", "geometry": {"type": "Point", "coordinates": [98.59621, 16.15439]}, "geometry_name": "the_geom", "properties": {"SD_Pcode": "MMR003", "State_Divi": "Kayin", "D_Pcode": "MMR003D002", "District": "Myawaddy", "TS_Pcode": "MMR003005", "Township": "Myawaddy", "Town_Pcode": "MMR003005702", "Town": "Su Ka Li", "Town_MMR4": "\u1005\u102f\u1000\u101c\u102d", "Longitude": 98.59621, "Latitude": 16.15439, "Level": "Other Town", "Source": "GAD, Mar 2015", "Remark": ""}}, {"type": "Feature", "id": "mmr_pplp1_mimu250k.60", "geometry": {"type": "Point", "coordinates": [98.59519, 22.68954]}, "geometry_name": "the_geom", "properties": {"SD_Pcode": "MMR015", "State_Divi": "Shan (North)", "D_Pcode": "MMR015D007", "District": "Matman", "TS_Pcode": "MMR015005", "Township": "Pangsang", "Town_Pcode": "MMR015005702", "Town": "Man Kan", "Town_MMR4": "\u1019\u1014\u103a\u1000\u1014\u103a", "Longitude": 98.59519, "Latitude": 22.68954, "Level": "Other Town", "Source": "GAD, Mar 2015", "Remark": ""}}, {"type": "Feature", "id": "mmr_pplp1_mimu250k.61", "geometry": {"type": "Point", "coordinates": [98.5499529834, 9.98260986197]}, "geometry_name": "the_geom", "properties": {"SD_Pcode": "MMR006", "State_Divi": "Tanintharyi", "D_Pcode": "MMR006D003", "District": "Kawthoung", "TS_Pcode": "MMR006009", "Township": "Kawthoung", "Town_Pcode": "MMR006009701", "Town": "Kawthoung", "Town_MMR4": "\u1000\u1031\u102c\u1037\u101e\u1031\u102c\u1004\u103a\u1038", "Longitude": 98.5499529834, "Latitude": 9.98260986197, "Level": "District Capital", "Source": "GAD, Mar 2015", "Remark": ""}}, {"type": "Feature", "id": "mmr_pplp1_mimu250k.62", "geometry": {"type": "Point", "coordinates": [98.5670835, 19.7978983]}, "geometry_name": "the_geom", "properties": {"SD_Pcode": "MMR016", "State_Divi": "Shan (East)", "D_Pcode": "MMR016D002", "District": "Monghsat", "TS_Pcode": "MMR016008", "Township": "Mongton", "Town_Pcode": "MMR016008703", "Town": "Hmone Hta", "Town_MMR4": "\u1019\u102f\u1036\u1038\u1011", "Longitude": 98.5670835, "Latitude": 19.7978983, "Level": "Other Town", "Source": "GAD, Mar 2015", "Remark": ""}}, {"type": "Feature", "id": "mmr_pplp1_mimu250k.63", "geometry": {"type": "Point", "coordinates": [98.53934, 23.82946]}, "geometry_name": "the_geom", "properties": {"SD_Pcode": "MMR015", "State_Divi": "Shan (North)", "D_Pcode": "MMR015S002", "District": "Kokang Self-Administered Zone", "TS_Pcode": "MMR015023", "Township": "Konkyan", "Town_Pcode": "MMR015023701", "Town": "Konkyan", "Town_MMR4": "\u1000\u102f\u1014\u103a\u1038\u1000\u103c\u1019\u103a\u1038", "Longitude": 98.53934, "Latitude": 23.82946, "Level": "Main Town", "Source": "GAD, Mar 2015", "Remark": ""}}, {"type": "Feature", "id": "mmr_pplp1_mimu250k.64", "geometry": {"type": "Point", "coordinates": [98.52017, 14.16355]}, "geometry_name": "the_geom", "properties": {"SD_Pcode": "MMR006", "State_Divi": "Tanintharyi", "D_Pcode": "MMR006D001", "District": "Dawei", "TS_Pcode": "MMR006001", "Township": "Dawei", "Town_Pcode": "MMR006001702", "Town": "Myitta", "Town_MMR4": "\u1019\u1031\u1010\u1039\u1010\u102c", "Longitude": 98.52017, "Latitude": 14.16355, "Level": "Other Town", "Source": "GAD, Mar 2015", "Remark": ""}}, {"type": "Feature", "id": "mmr_pplp1_mimu250k.65", "geometry": {"type": "Point", "coordinates": [98.51303563, 16.6886775819]}, "geometry_name": "the_geom", "properties": {"SD_Pcode": "MMR003", "State_Divi": "Kayin", "D_Pcode": "MMR003D002", "District": "Myawaddy", "TS_Pcode": "MMR003005", "Township": "Myawaddy", "Town_Pcode": "MMR003005701", "Town": "Myawaddy", "Town_MMR4": "\u1019\u103c\u101d\u1010\u102e", "Longitude": 98.51303563, "Latitude": 16.6886775819, "Level": "District Capital", "Source": "GAD, Mar 2015", "Remark": ""}}, {"type": "Feature", "id": "mmr_pplp1_mimu250k.66", "geometry": {"type": "Point", "coordinates": [98.4544308596, 12.4738602304]}, "geometry_name": "the_geom", "properties": {"SD_Pcode": "MMR006", "State_Divi": "Tanintharyi", "D_Pcode": "MMR006D002", "District": "Myeik", "TS_Pcode": "MMR006006", "Township": "Kyunsu", "Town_Pcode": "MMR006006701", "Town": "Kyunsu", "Town_MMR4": "\u1000\u103b\u103d\u1014\u103a\u1038\u1005\u102f", "Longitude": 98.4544308596, "Latitude": 12.4738602304, "Level": "Main Town", "Source": "GAD, Mar 2015", "Remark": ""}}, {"type": "Feature", "id": "mmr_pplp1_mimu250k.67", "geometry": {"type": "Point", "coordinates": [98.424, 21.301]}, "geometry_name": "the_geom", "properties": {"SD_Pcode": "MMR014", "State_Divi": "Shan (South)", "D_Pcode": "MMR014D002", "District": "Loilen", "TS_Pcode": "MMR014014", "Township": "Kunhing", "Town_Pcode": "MMR014014701", "Town": "Kunhing", "Town_MMR4": "\u1000\u103d\u1014\u103a\u101f\u102d\u1014\u103a\u1038", "Longitude": 98.424, "Latitude": 21.301, "Level": "Main Town", "Source": "GAD, Mar 2015", "Remark": ""}}, {"type": "Feature", "id": "mmr_pplp1_mimu250k.68", "geometry": {"type": "Point", "coordinates": [98.3968, 22.4981]}, "geometry_name": "the_geom", "properties": {"SD_Pcode": "MMR015", "State_Divi": "Shan (North)", "D_Pcode": "MMR015D001", "District": "Lashio", "TS_Pcode": "MMR015004", "Township": "Tangyan", "Town_Pcode": "MMR015004701", "Town": "Tangyan", "Town_MMR4": "\u1010\u1014\u103a\u1037\u101a\u1014\u103a\u1038", "Longitude": 98.3968, "Latitude": 22.4981, "Level": "Main Town", "Source": "GAD, Mar 2015", "Remark": ""}}, {"type": "Feature", "id": "mmr_pplp1_mimu250k.69", "geometry": {"type": "Point", "coordinates": [98.3926839597, 16.0025306161]}, "geometry_name": "the_geom", "properties": {"SD_Pcode": "MMR003", "State_Divi": "Kayin", "D_Pcode": "MMR003D003", "District": "Kawkareik", "TS_Pcode": "MMR003007", "Township": "Kyainseikgyi", "Town_Pcode": "MMR003007703", "Town": "Kyaikdon", "Town_MMR4": "\u1000\u103b\u102d\u102f\u1000\u103a\u1012\u102f\u1036", "Longitude": 98.3926839597, "Latitude": 16.0025306161, "Level": "Other Town", "Source": "GAD, Mar 2015", "Remark": ""}}, {"type": "Feature", "id": "mmr_pplp1_mimu250k.70", "geometry": {"type": "Point", "coordinates": [98.37863, 25.59866]}, "geometry_name": "the_geom", "properties": {"SD_Pcode": "MMR001", "State_Divi": "Kachin", "D_Pcode": "MMR001D001", "District": "Myitkyina", "TS_Pcode": "MMR001005", "Township": "Chipwi", "Town_Pcode": "MMR001005702", "Town": "Pang War", "Town_MMR4": "\u1015\u1014\u103a\u101d\u102b \u1019", "Longitude": 98.37863, "Latitude": 25.59866, "Level": "Other Town", "Source": "GAD, Mar 2015", "Remark": ""}}, {"type": "Feature", "id": "mmr_pplp1_mimu250k.71", "geometry": {"type": "Point", "coordinates": [98.37808, 15.30444]}, "geometry_name": "the_geom", "properties": {"SD_Pcode": "MMR003", "State_Divi": "Kayin", "D_Pcode": "MMR003D003", "District": "Kawkareik", "TS_Pcode": "MMR003007", "Township": "Kyainseikgyi", "Town_Pcode": "MMR003007702", "Town": "Hpayarthonesu", "Town_MMR4": "\u1018\u102f\u101b\u102c\u1038\u101e\u102f\u1036\u1038\u1006\u1030", "Longitude": 98.37808, "Latitude": 15.30444, "Level": "Other Town", "Source": "GAD, Mar 2015", "Remark": ""}}, {"type": "Feature", "id": "mmr_pplp1_mimu250k.72", "geometry": {"type": "Point", "coordinates": [98.36456, 21.65989]}, "geometry_name": "the_geom", "properties": {"SD_Pcode": "MMR014", "State_Divi": "Shan (South)", "D_Pcode": "MMR014D002", "District": "Loilen", "TS_Pcode": "MMR014017", "Township": "Monghsu", "Town_Pcode": "MMR014017702", "Town": "Mongsan (Hmonesan)", "Town_MMR4": "\u1019\u102d\u102f\u1004\u103a\u1038\u1005\u1036 (\u1019\u102f\u1014\u103a\u1038\u1006\u1014\u103a\u1038)", "Longitude": 98.36456, "Latitude": 21.65989, "Level": "Other Town", "Source": "GAD, Mar 2015", "Remark": ""}}, {"type": "Feature", "id": "mmr_pplp1_mimu250k.73", "geometry": {"type": "Point", "coordinates": [98.3603427383, 27.0604297567]}, "geometry_name": "the_geom", "properties": {"SD_Pcode": "MMR001", "State_Divi": "Kachin", "D_Pcode": "MMR001D004", "District": "Puta-O", "TS_Pcode": "MMR001018", "Township": "Khaunglanhpu", "Town_Pcode": "MMR001018701", "Town": "Khaunglanhpu", "Town_MMR4": "\u1001\u1031\u102b\u1004\u103a\u101c\u1014\u103a\u1016\u1030\u1038", "Longitude": 98.3603427383, "Latitude": 27.0604297567, "Level": "Main Town", "Source": "GAD, Mar 2015", "Remark": ""}}, {"type": "Feature", "id": "mmr_pplp1_mimu250k.74", "geometry": {"type": "Point", "coordinates": [98.36044, 21.90513]}, "geometry_name": "the_geom", "properties": {"SD_Pcode": "MMR014", "State_Divi": "Shan (South)", "D_Pcode": "MMR014D002", "District": "Loilen", "TS_Pcode": "MMR014017", "Township": "Monghsu", "Town_Pcode": "MMR014017701", "Town": "Monghsu", "Town_MMR4": "\u1019\u102d\u102f\u1004\u103a\u1038\u101b\u103e\u1030\u1038", "Longitude": 98.36044, "Latitude": 21.90513, "Level": "Main Town", "Source": "GAD, Mar 2015", "Remark": ""}}, {"type": "Feature", "id": "mmr_pplp1_mimu250k.75", "geometry": {"type": "Point", "coordinates": [98.3541, 20.3188]}, "geometry_name": "the_geom", "properties": {"SD_Pcode": "MMR014", "State_Divi": "Shan (South)", "D_Pcode": "MMR014D003", "District": "Langkho", "TS_Pcode": "MMR014021", "Township": "Mongpan", "Town_Pcode": "MMR014021701", "Town": "Mongpan", "Town_MMR4": "\u1019\u102d\u102f\u1004\u103a\u1038\u1015\u1014\u103a", "Longitude": 98.3541, "Latitude": 20.3188, "Level": "Main Town", "Source": "GAD, Mar 2015", "Remark": ""}}, {"type": "Feature", "id": "mmr_pplp1_mimu250k.76", "geometry": {"type": "Point", "coordinates": [98.3031, 24.0998]}, "geometry_name": "the_geom", "properties": {"SD_Pcode": "MMR015", "State_Divi": "Shan (North)", "D_Pcode": "MMR015D002", "District": "Muse", "TS_Pcode": "MMR015009", "Township": "Muse", "Town_Pcode": "MMR015009702", "Town": "Monekoe", "Town_MMR4": "\u1019\u102f\u1014\u103a\u1038\u1000\u102d\u102f\u1038", "Longitude": 98.3031, "Latitude": 24.0998, "Level": "Other Town", "Source": "GAD, Mar 2015", "Remark": ""}}, {"type": "Feature", "id": "mmr_pplp1_mimu250k.77", "geometry": {"type": "Point", "coordinates": [98.29333, 20.75728]}, "geometry_name": "the_geom", "properties": {"SD_Pcode": "MMR014", "State_Divi": "Shan (South)", "D_Pcode": "MMR014D003", "District": "Langkho", "TS_Pcode": "MMR014019", "Township": "Mongnai", "Town_Pcode": "MMR014019702", "Town": "Kengtawng", "Town_MMR4": "\u1000\u103b\u102d\u102f\u1004\u103a\u1038\u1010\u1031\u102c\u1004\u103a\u1038", "Longitude": 98.29333, "Latitude": 20.75728, "Level": "Other Town", "Source": "GAD, Mar 2015", "Remark": ""}}, {"type": "Feature", "id": "mmr_pplp1_mimu250k.78", "geometry": {"type": "Point", "coordinates": [98.2704868075, 26.1541860735]}, "geometry_name": "the_geom", "properties": {"SD_Pcode": "MMR001", "State_Divi": "Kachin", "D_Pcode": "MMR001D001", "District": "Myitkyina", "TS_Pcode": "MMR001006", "Township": "Tsawlaw", "Town_Pcode": "MMR001006701", "Town": "Tsawlaw", "Town_MMR4": "\u1006\u1031\u102c\u1037\u101c\u1031\u102c\u103a", "Longitude": 98.2704868075, "Latitude": 26.1541860735, "Level": "Main Town", "Source": "GAD, Mar 2015", "Remark": ""}}, {"type": "Feature", "id": "mmr_pplp1_mimu250k.79", "geometry": {"type": "Point", "coordinates": [98.2625154665, 13.8687046239]}, "geometry_name": "the_geom", "properties": {"SD_Pcode": "MMR006", "State_Divi": "Tanintharyi", "D_Pcode": "MMR006D001", "District": "Dawei", "TS_Pcode": "MMR006003", "Township": "Thayetchaung", "Town_Pcode": "MMR006003701", "Town": "Thayetchaung", "Town_MMR4": "\u101e\u101b\u1000\u103a\u1001\u103b\u1031\u102c\u1004\u103a\u1038", "Longitude": 98.2625154665, "Latitude": 13.8687046239, "Level": "Main Town", "Source": "GAD, Mar 2015", "Remark": ""}}, {"type": "Feature", "id": "mmr_pplp1_mimu250k.80", "geometry": {"type": "Point", "coordinates": [98.23996, 16.55553]}, "geometry_name": "the_geom", "properties": {"SD_Pcode": "MMR003", "State_Divi": "Kayin", "D_Pcode": "MMR003D003", "District": "Kawkareik", "TS_Pcode": "MMR003006", "Township": "Kawkareik", "Town_Pcode": "MMR003006701", "Town": "Kawkareik", "Town_MMR4": "\u1000\u1031\u102c\u1037\u1000\u101b\u102d\u1010\u103a", "Longitude": 98.23996, "Latitude": 16.55553, "Level": "District Capital", "Source": "GAD, Mar 2015", "Remark": ""}}, {"type": "Feature", "id": "mmr_pplp1_mimu250k.81", "geometry": {"type": "Point", "coordinates": [98.19636, 14.07753]}, "geometry_name": "the_geom", "properties": {"SD_Pcode": "MMR006", "State_Divi": "Tanintharyi", "D_Pcode": "MMR006D001", "District": "Dawei", "TS_Pcode": "MMR006001", "Township": "Dawei", "Town_Pcode": "MMR006001701", "Town": "Dawei", "Town_MMR4": "\u1011\u102c\u1038\u101d\u101a\u103a", "Longitude": 98.19636, "Latitude": 14.07753, "Level": "State/Region Capital", "Source": "GAD, Mar 2015", "Remark": ""}}, {"type": "Feature", "id": "mmr_pplp1_mimu250k.82", "geometry": {"type": "Point", "coordinates": [98.1384944066, 14.6237968178]}, "geometry_name": "the_geom", "properties": {"SD_Pcode": "MMR006", "State_Divi": "Tanintharyi", "D_Pcode": "MMR006D001", "District": "Dawei", "TS_Pcode": "MMR006004", "Township": "Yebyu", "Town_Pcode": "MMR006004702", "Town": "Kaleinaung", "Town_MMR4": "\u1000\u101c\u102d\u1014\u103a\u1021\u1031\u102c\u1004\u103a", "Longitude": 98.1384944066, "Latitude": 14.6237968178, "Level": "Other Town", "Source": "GAD, Mar 2015", "Remark": ""}}, {"type": "Feature", "id": "mmr_pplp1_mimu250k.83", "geometry": {"type": "Point", "coordinates": [98.12976, 25.88635]}, "geometry_name": "the_geom", "properties": {"SD_Pcode": "MMR001", "State_Divi": "Kachin", "D_Pcode": "MMR001D001", "District": "Myitkyina", "TS_Pcode": "MMR001005", "Township": "Chipwi", "Town_Pcode": "MMR001005701", "Town": "Chipwi", "Town_MMR4": "\u1001\u103b\u102e\u1016\u103d\u1031", "Longitude": 98.12976, "Latitude": 25.88635, "Level": "Main Town", "Source": "GAD, Mar 2015", "Remark": ""}}, {"type": "Feature", "id": "mmr_pplp1_mimu250k.84", "geometry": {"type": "Point", "coordinates": [98.12322, 16.04079]}, "geometry_name": "the_geom", "properties": {"SD_Pcode": "MMR003", "State_Divi": "Kayin", "D_Pcode": "MMR003D003", "District": "Kawkareik", "TS_Pcode": "MMR003007", "Township": "Kyainseikgyi", "Town_Pcode": "MMR003007701", "Town": "Kyainseikgyi", "Town_MMR4": "\u1000\u103c\u102c\u1021\u1004\u103a\u1038\u1006\u102d\u1015\u103a\u1000\u103c\u102e\u1038", "Longitude": 98.12322, "Latitude": 16.04079, "Level": "Main Town", "Source": "GAD, Mar 2015", "Remark": ""}}, {"type": "Feature", "id": "mmr_pplp1_mimu250k.85", "geometry": {"type": "Point", "coordinates": [98.123, 21.645]}, "geometry_name": "the_geom", "properties": {"SD_Pcode": "MMR014", "State_Divi": "Shan (South)", "D_Pcode": "MMR014D002", "District": "Loilen", "TS_Pcode": "MMR014015", "Township": "Kyethi", "Town_Pcode": "MMR014015702", "Town": "Mongnawng", "Town_MMR4": "\u1019\u102d\u102f\u1004\u103a\u1038\u1014\u1031\u102c\u1004\u103a", "Longitude": 98.123, "Latitude": 21.645, "Level": "Other Town", "Source": "GAD, Mar 2015", "Remark": ""}}, {"type": "Feature", "id": "mmr_pplp1_mimu250k.86", "geometry": {"type": "Point", "coordinates": [98.11963, 13.97522]}, "geometry_name": "the_geom", "properties": {"SD_Pcode": "MMR006", "State_Divi": "Tanintharyi", "D_Pcode": "MMR006D001", "District": "Dawei", "TS_Pcode": "MMR006002", "Township": "Launglon", "Town_Pcode": "MMR006002701", "Town": "Launglon", "Town_MMR4": "\u101c\u1031\u102c\u1004\u103a\u1038\u101c\u102f\u1036\u1038", "Longitude": 98.11963, "Latitude": 13.97522, "Level": "Main Town", "Source": "GAD, Mar 2015", "Remark": ""}}, {"type": "Feature", "id": "mmr_pplp1_mimu250k.87", "geometry": {"type": "Point", "coordinates": [98.11739, 25.40319]}, "geometry_name": "the_geom", "properties": {"SD_Pcode": "MMR001", "State_Divi": "Kachin", "D_Pcode": "MMR001D001", "District": "Myitkyina", "TS_Pcode": "MMR001002", "Township": "Waingmaw", "Town_Pcode": "MMR001002703", "Town": "Kan Paik Ti", "Town_MMR4": "\u1000\u1014\u103a\u1015\u102d\u102f\u1000\u103a\u1010\u102e", "Longitude": 98.11739, "Latitude": 25.40319, "Level": "Other Town", "Source": "GAD, Mar 2015", "Remark": ""}}, {"type": "Feature", "id": "mmr_pplp1_mimu250k.88", "geometry": {"type": "Point", "coordinates": [98.10086, 21.09887]}, "geometry_name": "the_geom", "properties": {"SD_Pcode": "MMR014", "State_Divi": "Shan (South)", "D_Pcode": "MMR014D002", "District": "Loilen", "TS_Pcode": "MMR014013", "Township": "Nansang", "Town_Pcode": "MMR014013702", "Town": "Kho Lam", "Town_MMR4": "\u1001\u102d\u102f\u101c\u1019\u103a", "Longitude": 98.10086, "Latitude": 21.09887, "Level": "Other Town", "Source": "GAD, Mar 2015", "Remark": ""}}, {"type": "Feature", "id": "mmr_pplp1_mimu250k.89", "geometry": {"type": "Point", "coordinates": [98.09862, 23.57597]}, "geometry_name": "the_geom", "properties": {"SD_Pcode": "MMR015", "State_Divi": "Shan (North)", "D_Pcode": "MMR015D002", "District": "Muse", "TS_Pcode": "MMR015011", "Township": "Kutkai", "Town_Pcode": "MMR015011702", "Town": "Tarmoenye", "Town_MMR4": "\u1010\u102c\u1019\u102d\u102f\u1038\u100a\u1032", "Longitude": 98.09862, "Latitude": 23.57597, "Level": "Other Town", "Source": "GAD, Mar 2015", "Remark": ""}}, {"type": "Feature", "id": "mmr_pplp1_mimu250k.90", "geometry": {"type": "Point", "coordinates": [98.06229, 24.07548]}, "geometry_name": "the_geom", "properties": {"SD_Pcode": "MMR015", "State_Divi": "Shan (North)", "D_Pcode": "MMR015D002", "District": "Muse", "TS_Pcode": "MMR015009", "Township": "Muse", "Town_Pcode": "MMR015009704", "Town": "Pang Hseng (Kyu Koke)", "Town_MMR4": "\u1015\u1014\u103a\u1006\u102d\u102f\u1004\u103a\u1038 (\u1000\u103c\u1030\u1000\u102f\u1010\u103a)", "Longitude": 98.06229, "Latitude": 24.07548, "Level": "Other Town", "Source": "GAD, Mar 2015", "Remark": ""}}, {"type": "Feature", "id": "mmr_pplp1_mimu250k.91", "geometry": {"type": "Point", "coordinates": [98.0389972, 22.4276179]}, "geometry_name": "the_geom", "properties": {"SD_Pcode": "MMR015", "State_Divi": "Shan (North)", "D_Pcode": "MMR015D001", "District": "Lashio", "TS_Pcode": "MMR015003", "Township": "Mongyai", "Town_Pcode": "MMR015003701", "Town": "Mongyai", "Town_MMR4": "\u1019\u102d\u102f\u1004\u103a\u1038\u101b\u101a\u103a", "Longitude": 98.0389972, "Latitude": 22.4276179, "Level": "Main Town", "Source": "GAD, Mar 2015", "Remark": ""}}, {"type": "Feature", "id": "mmr_pplp1_mimu250k.92", "geometry": {"type": "Point", "coordinates": [98.2029072628, 14.245909857]}, "geometry_name": "the_geom", "properties": {"SD_Pcode": "MMR006", "State_Divi": "Tanintharyi", "D_Pcode": "MMR006D001", "District": "Dawei", "TS_Pcode": "MMR006004", "Township": "Yebyu", "Town_Pcode": "MMR006004701", "Town": "Yebyu", "Town_MMR4": "\u101b\u1031\u1016\u103c\u1030", "Longitude": 98.2029072628, "Latitude": 14.245909857, "Level": "Main Town", "Source": "GAD, Mar 2015", "Remark": ""}}, {"type": "Feature", "id": "mmr_pplp1_mimu250k.93", "geometry": {"type": "Point", "coordinates": [98.00371, 20.34222]}, "geometry_name": "the_geom", "properties": {"SD_Pcode": "MMR014", "State_Divi": "Shan (South)", "D_Pcode": "MMR014D003", "District": "Langkho", "TS_Pcode": "MMR014018", "Township": "Langkho", "Town_Pcode": "MMR014018701", "Town": "Langkho", "Town_MMR4": "\u101c\u1004\u103a\u1038\u1001\u1031\u1038", "Longitude": 98.00371, "Latitude": 20.34222, "Level": "District Capital", "Source": "GAD, Mar 2015", "Remark": ""}}, {"type": "Feature", "id": "mmr_pplp1_mimu250k.94", "geometry": {"type": "Point", "coordinates": [97.9859650047, 17.0216995839]}, "geometry_name": "the_geom", "properties": {"SD_Pcode": "MMR003", "State_Divi": "Kayin", "D_Pcode": "MMR003D001", "District": "Hpa-An", "TS_Pcode": "MMR003002", "Township": "Hlaingbwe", "Town_Pcode": "MMR003002702", "Town": "Paingkyon", "Town_MMR4": "\u1015\u102d\u102f\u1004\u103a\u1000\u103b\u102f\u1036", "Longitude": 97.9859650047, "Latitude": 17.0216995839, "Level": "Other Town", "Source": "GAD, Mar 2015", "Remark": ""}}, {"type": "Feature", "id": "mmr_pplp1_mimu250k.95", "geometry": {"type": "Point", "coordinates": [97.979, 19.769]}, "geometry_name": "the_geom", "properties": {"SD_Pcode": "MMR014", "State_Divi": "Shan (South)", "D_Pcode": "MMR014D003", "District": "Langkho", "TS_Pcode": "MMR014018", "Township": "Langkho", "Town_Pcode": "MMR014018702", "Town": "Homein", "Town_MMR4": "\u101f\u102d\u102f\u1019\u102d\u1014\u103a\u1038", "Longitude": 97.979, "Latitude": 19.769, "Level": "Other Town", "Source": "GAD, Mar 2015", "Remark": ""}}, {"type": "Feature", "id": "mmr_pplp1_mimu250k.96", "geometry": {"type": "Point", "coordinates": [97.9736, 23.3072]}, "geometry_name": "the_geom", "properties": {"SD_Pcode": "MMR015", "State_Divi": "Shan (North)", "D_Pcode": "MMR015D001", "District": "Lashio", "TS_Pcode": "MMR015002", "Township": "Hseni", "Town_Pcode": "MMR015002701", "Town": "Hseni", "Town_MMR4": "\u101e\u102d\u1014\u1039\u1014\u102e", "Longitude": 97.9736, "Latitude": 23.3072, "Level": "Main Town", "Source": "GAD, Mar 2015", "Remark": ""}}, {"type": "Feature", "id": "mmr_pplp1_mimu250k.97", "geometry": {"type": "Point", "coordinates": [97.94341, 23.45921]}, "geometry_name": "the_geom", "properties": {"SD_Pcode": "MMR015", "State_Divi": "Shan (North)", "D_Pcode": "MMR015D002", "District": "Muse", "TS_Pcode": "MMR015011", "Township": "Kutkai", "Town_Pcode": "MMR015011701", "Town": "Kutkai", "Town_MMR4": "\u1000\u103d\u1010\u103a\u1001\u102d\u102f\u1004\u103a", "Longitude": 97.94341, "Latitude": 23.45921, "Level": "Main Town", "Source": "GAD, Mar 2015", "Remark": ""}}, {"type": "Feature", "id": "mmr_pplp1_mimu250k.98", "geometry": {"type": "Point", "coordinates": [97.90165, 23.98989]}, "geometry_name": "the_geom", "properties": {"SD_Pcode": "MMR015", "State_Divi": "Shan (North)", "D_Pcode": "MMR015D002", "District": "Muse", "TS_Pcode": "MMR015009", "Township": "Muse", "Town_Pcode": "MMR015009701", "Town": "Muse", "Town_MMR4": "\u1019\u1030\u1006\u101a\u103a", "Longitude": 97.90165, "Latitude": 23.98989, "Level": "District Capital", "Source": "GAD, Mar 2015", "Remark": ""}}, {"type": "Feature", "id": "mmr_pplp1_mimu250k.99", "geometry": {"type": "Point", "coordinates": [97.88778, 17.42438]}, "geometry_name": "the_geom", "properties": {"SD_Pcode": "MMR003", "State_Divi": "Kayin", "D_Pcode": "MMR003D001", "District": "Hpa-An", "TS_Pcode": "MMR003002", "Township": "Hlaingbwe", "Town_Pcode": "MMR003002703", "Town": "Shan Ywar Thit", "Town_MMR4": "\u101b\u103e\u1019\u103a\u1038\u101b\u103d\u102c\u101e\u1005\u103a", "Longitude": 97.88778, "Latitude": 17.42438, "Level": "Other Town", "Source": "GAD, Mar 2015", "Remark": ""}}, {"type": "Feature", "id": "mmr_pplp1_mimu250k.100", "geometry": {"type": "Point", "coordinates": [97.8999605316, 25.397088956]}, "geometry_name": "the_geom", "properties": {"SD_Pcode": "MMR001", "State_Divi": "Kachin", "D_Pcode": "MMR001D001", "District": "Myitkyina", "TS_Pcode": "MMR001002", "Township": "Waingmaw", "Town_Pcode": "MMR001002702", "Town": "Sadung", "Town_MMR4": "\u1006\u1012\u102f\u1036\u1038", "Longitude": 97.8999605316, "Latitude": 25.397088956, "Level": "Other Town", "Source": "GAD, Mar 2015", "Remark": ""}}, {"type": "Feature", "id": "mmr_pplp1_mimu250k.101", "geometry": {"type": "Point", "coordinates": [97.8766184189, 27.7281019827]}, "geometry_name": "the_geom", "properties": {"SD_Pcode": "MMR001", "State_Divi": "Kachin", "D_Pcode": "MMR001D004", "District": "Puta-O", "TS_Pcode": "MMR001017", "Township": "Nawngmun", "Town_Pcode": "MMR001017702", "Town": "Pannandin", "Town_MMR4": "\u1015\u1014\u103a\u1014\u1014\u103a\u1038\u1012\u1004\u103a", "Longitude": 97.8766184189, "Latitude": 27.7281019827, "Level": "Other Town", "Source": "GAD, Mar 2015", "Remark": ""}}, {"type": "Feature", "id": "mmr_pplp1_mimu250k.102", "geometry": {"type": "Point", "coordinates": [97.8712, 20.5136]}, "geometry_name": "the_geom", "properties": {"SD_Pcode": "MMR014", "State_Divi": "Shan (South)", "D_Pcode": "MMR014D003", "District": "Langkho", "TS_Pcode": "MMR014019", "Township": "Mongnai", "Town_Pcode": "MMR014019701", "Town": "Mongnai", "Town_MMR4": "\u1019\u102d\u102f\u1038\u1014\u1032", "Longitude": 97.8712, "Latitude": 20.5136, "Level": "Main Town", "Source": "GAD, Mar 2015", "Remark": ""}}, {"type": "Feature", "id": "mmr_pplp1_mimu250k.103", "geometry": {"type": "Point", "coordinates": [97.84935392428781, 15.245391736300151]}, "geometry_name": "the_geom", "properties": {"SD_Pcode": "MMR011", "State_Divi": "Mon", "D_Pcode": "MMR011D001", "District": "Mawlamyine", "TS_Pcode": "MMR011006", "Township": "Ye", "Town_Pcode": "MMR011006701", "Town": "Ye", "Town_MMR4": "\u101b\u1031\u1038", "Longitude": 97.84935392428781, "Latitude": 15.245391736300151, "Level": "Main Town", "Source": "GAD, Mar 2015", "Remark": ""}}, {"type": "Feature", "id": "mmr_pplp1_mimu250k.104", "geometry": {"type": "Point", "coordinates": [97.83215, 15.50351]}, "geometry_name": "the_geom", "properties": {"SD_Pcode": "MMR011", "State_Divi": "Mon", "D_Pcode": "MMR011D001", "District": "Mawlamyine", "TS_Pcode": "MMR011006", "Township": "Ye", "Town_Pcode": "MMR011006702", "Town": "Lamaing", "Town_MMR4": "\u101c\u1019\u102d\u102f\u1004\u103a\u1038", "Longitude": 97.83215, "Latitude": 15.50351, "Level": "Other Town", "Source": "GAD, Mar 2015", "Remark": ""}}, {"type": "Feature", "id": "mmr_pplp1_mimu250k.105", "geometry": {"type": "Point", "coordinates": [97.82935, 15.03752]}, "geometry_name": "the_geom", "properties": {"SD_Pcode": "MMR011", "State_Divi": "Mon", "D_Pcode": "MMR011D001", "District": "Mawlamyine", "TS_Pcode": "MMR011006", "Township": "Ye", "Town_Pcode": "MMR011006703", "Town": "Khawzar", "Town_MMR4": "\u1001\u1031\u102b\u1007\u102c", "Longitude": 97.82935, "Latitude": 15.03752, "Level": "Other Town", "Source": "GAD, Mar 2015", "Remark": ""}}, {"type": "Feature", "id": "mmr_pplp1_mimu250k.106", "geometry": {"type": "Point", "coordinates": [97.81933, 21.92515]}, "geometry_name": "the_geom", "properties": {"SD_Pcode": "MMR014", "State_Divi": "Shan (South)", "D_Pcode": "MMR014D002", "District": "Loilen", "TS_Pcode": "MMR014015", "Township": "Kyethi", "Town_Pcode": "MMR014015701", "Town": "Kyethi", "Town_MMR4": "\u1000\u103b\u1031\u1038\u101e\u102e\u1038", "Longitude": 97.81933, "Latitude": 21.92515, "Level": "Main Town", "Source": "GAD, Mar 2015", "Remark": ""}}, {"type": "Feature", "id": "mmr_pplp1_mimu250k.107", "geometry": {"type": "Point", "coordinates": [97.81871, 17.12574]}, "geometry_name": "the_geom", "properties": {"SD_Pcode": "MMR003", "State_Divi": "Kayin", "D_Pcode": "MMR003D001", "District": "Hpa-An", "TS_Pcode": "MMR003002", "Township": "Hlaingbwe", "Town_Pcode": "MMR003002701", "Town": "Hlaingbwe", "Town_MMR4": "\u101c\u103e\u102d\u102f\u1004\u103a\u1038\u1018\u103d\u1032\u1037", "Longitude": 97.81871, "Latitude": 17.12574, "Level": "Main Town", "Source": "GAD, Mar 2015", "Remark": ""}}, {"type": "Feature", "id": "mmr_pplp1_mimu250k.108", "geometry": {"type": "Point", "coordinates": [97.81785, 27.50532]}, "geometry_name": "the_geom", "properties": {"SD_Pcode": "MMR001", "State_Divi": "Kachin", "D_Pcode": "MMR001D004", "District": "Puta-O", "TS_Pcode": "MMR001017", "Township": "Nawngmun", "Town_Pcode": "MMR001017701", "Town": "Nawngmun", "Town_MMR4": "\u1014\u1031\u102c\u1004\u103a\u1019\u103d\u1014\u103a\u1038", "Longitude": 97.81785, "Latitude": 27.50532, "Level": "Main Town", "Source": "GAD, Mar 2015", "Remark": ""}}, {"type": "Feature", "id": "mmr_pplp1_mimu250k.109", "geometry": {"type": "Point", "coordinates": [97.80064245447157, 23.951763368518584]}, "geometry_name": "the_geom", "properties": {"SD_Pcode": "MMR015", "State_Divi": "Shan (North)", "D_Pcode": "MMR015D002", "District": "Muse", "TS_Pcode": "MMR015009", "Township": "Muse", "Town_Pcode": "MMR015009703", "Town": "Manhlyoe (Manhero)", "Town_MMR4": "(\u1019\u1014\u103a\u101f\u103b\u102d\u102f\u1038) \u1019\u1014\u103a\u101f\u102e\u1038\u101b\u102d\u102f\u1038", "Longitude": 97.80064245447157, "Latitude": 23.951763368518584, "Level": "Other Town", "Source": "GAD, Mar 2015", "Remark": ""}}, {"type": "Feature", "id": "mmr_pplp1_mimu250k.110", "geometry": {"type": "Point", "coordinates": [97.74747, 22.95277]}, "geometry_name": "the_geom", "properties": {"SD_Pcode": "MMR015", "State_Divi": "Shan (North)", "D_Pcode": "MMR015D001", "District": "Lashio", "TS_Pcode": "MMR015001", "Township": "Lashio", "Town_Pcode": "MMR015001701", "Town": "Lashio", "Town_MMR4": "\u101c\u102c\u1038\u101b\u103e\u102d\u102f\u1038", "Longitude": 97.74747, "Latitude": 22.95277, "Level": "District Capital", "Source": "GAD, Mar 2015", "Remark": ""}}, {"type": "Feature", "id": "mmr_pplp1_mimu250k.111", "geometry": {"type": "Point", "coordinates": [97.73403, 16.1409]}, "geometry_name": "the_geom", "properties": {"SD_Pcode": "MMR011", "State_Divi": "Mon", "D_Pcode": "MMR011D001", "District": "Mawlamyine", "TS_Pcode": "MMR011005", "Township": "Mudon", "Town_Pcode": "MMR011005702", "Town": "Kamarwet", "Town_MMR4": "\u1000\u1019\u102c\u1040\u1000\u103a", "Longitude": 97.73403, "Latitude": 16.1409, "Level": "Other Town", "Source": "GAD, Mar 2015", "Remark": ""}}, {"type": "Feature", "id": "mmr_pplp1_mimu250k.112", "geometry": {"type": "Point", "coordinates": [97.7333, 15.9667]}, "geometry_name": "the_geom", "properties": {"SD_Pcode": "MMR011", "State_Divi": "Mon", "D_Pcode": "MMR011D001", "District": "Mawlamyine", "TS_Pcode": "MMR011004", "Township": "Thanbyuzayat", "Town_Pcode": "MMR011004701", "Town": "Thanbyuzayat", "Town_MMR4": "\u101e\u1036\u1016\u103c\u1030\u1007\u101b\u1015\u103a", "Longitude": 97.7333, "Latitude": 15.9667, "Level": "Main Town", "Source": "GAD, Mar 2015", "Remark": ""}}, {"type": "Feature", "id": "mmr_pplp1_mimu250k.113", "geometry": {"type": "Point", "coordinates": [97.72671, 25.82991]}, "geometry_name": "the_geom", "properties": {"SD_Pcode": "MMR001", "State_Divi": "Kachin", "D_Pcode": "MMR001D001", "District": "Myitkyina", "TS_Pcode": "MMR001003", "Township": "Injangyang", "Town_Pcode": "MMR001003701", "Town": "Injangyang", "Town_MMR4": "\u1021\u1004\u103a\u1002\u103b\u1014\u103a\u1038\u101a\u1014\u103a", "Longitude": 97.72671, "Latitude": 25.829910000000005, "Level": "Main Town", "Source": "GAD, Mar 2015", "Remark": ""}}, {"type": "Feature", "id": "mmr_pplp1_mimu250k.114", "geometry": {"type": "Point", "coordinates": [97.72478, 16.25812]}, "geometry_name": "the_geom", "properties": {"SD_Pcode": "MMR011", "State_Divi": "Mon", "D_Pcode": "MMR011D001", "District": "Mawlamyine", "TS_Pcode": "MMR011005", "Township": "Mudon", "Town_Pcode": "MMR011005701", "Town": "Mudon", "Town_MMR4": "\u1019\u102f\u1012\u102f\u1036", "Longitude": 97.72478, "Latitude": 16.25812, "Level": "Main Town", "Source": "GAD, Mar 2015", "Remark": ""}}, {"type": "Feature", "id": "mmr_pplp1_mimu250k.115", "geometry": {"type": "Point", "coordinates": [97.72411, 16.37045]}, "geometry_name": "the_geom", "properties": {"SD_Pcode": "MMR011", "State_Divi": "Mon", "D_Pcode": "MMR011D001", "District": "Mawlamyine", "TS_Pcode": "MMR011002", "Township": "Kyaikmaraw", "Town_Pcode": "MMR011002701", "Town": "Kyaikmaraw", "Town_MMR4": "\u1000\u103b\u102d\u102f\u1000\u103a\u1019\u101b\u1031\u102c", "Longitude": 97.72411, "Latitude": 16.37045, "Level": "Main Town", "Source": "GAD, Mar 2015", "Remark": ""}}, {"type": "Feature", "id": "mmr_pplp1_mimu250k.116", "geometry": {"type": "Point", "coordinates": [97.72369, 20.2305]}, "geometry_name": "the_geom", "properties": {"SD_Pcode": "MMR014", "State_Divi": "Shan (South)", "D_Pcode": "MMR014D003", "District": "Langkho", "TS_Pcode": "MMR014020", "Township": "Mawkmai", "Town_Pcode": "MMR014020701", "Town": "Mawkmai", "Town_MMR4": "\u1019\u1031\u102c\u1000\u103a\u1019\u101a\u103a", "Longitude": 97.72369, "Latitude": 20.2305, "Level": "Main Town", "Source": "GAD, Mar 2015", "Remark": ""}}, {"type": "Feature", "id": "mmr_pplp1_mimu250k.117", "geometry": {"type": "Point", "coordinates": [97.72077, 24.19932]}, "geometry_name": "the_geom", "properties": {"SD_Pcode": "MMR001", "State_Divi": "Kachin", "D_Pcode": "MMR001D003", "District": "Bhamo", "TS_Pcode": "MMR001012", "Township": "Momauk", "Town_Pcode": "MMR001012702", "Town": "Lwegel", "Town_MMR4": "\u101c\u103d\u101a\u103a\u1002\u103b\u101a\u103a", "Longitude": 97.72077, "Latitude": 24.19932, "Level": "Other Town", "Source": "GAD, Mar 2015", "Remark": ""}}, {"type": "Feature", "id": "mmr_pplp1_mimu250k.118", "geometry": {"type": "Point", "coordinates": [97.72022, 20.88912]}, "geometry_name": "the_geom", "properties": {"SD_Pcode": "MMR014", "State_Divi": "Shan (South)", "D_Pcode": "MMR014D002", "District": "Loilen", "TS_Pcode": "MMR014013", "Township": "Nansang", "Town_Pcode": "MMR014013701", "Town": "Nansang", "Town_MMR4": "\u1014\u1019\u103a\u1037\u1005\u1014\u103a", "Longitude": 97.72022, "Latitude": 20.88912, "Level": "Main Town", "Source": "GAD, Mar 2015", "Remark": ""}}, {"type": "Feature", "id": "mmr_pplp1_mimu250k.119", "geometry": {"type": "Point", "coordinates": [97.6818, 23.837]}, "geometry_name": "the_geom", "properties": {"SD_Pcode": "MMR015", "State_Divi": "Shan (North)", "D_Pcode": "MMR015D002", "District": "Muse", "TS_Pcode": "MMR015010", "Township": "Namhkan", "Town_Pcode": "MMR015010701", "Town": "Namhkan", "Town_MMR4": "\u1014\u1019\u103a\u1037\u1001\u1019\u103a\u1038", "Longitude": 97.6818, "Latitude": 23.837, "Level": "Main Town", "Source": "GAD, Mar 2015", "Remark": ""}}, {"type": "Feature", "id": "mmr_pplp1_mimu250k.120", "geometry": {"type": "Point", "coordinates": [97.66509, 21.27024]}, "geometry_name": "the_geom", "properties": {"SD_Pcode": "MMR014", "State_Divi": "Shan (South)", "D_Pcode": "MMR014D002", "District": "Loilen", "TS_Pcode": "MMR014012", "Township": "Laihka", "Town_Pcode": "MMR014012701", "Town": "Laihka", "Town_MMR4": "\u101c\u1032\u1001\u103b\u102c\u1038", "Longitude": 97.66509, "Latitude": 21.27024, "Level": "Main Town", "Source": "GAD, Mar 2015", "Remark": ""}}, {"type": "Feature", "id": "mmr_pplp1_mimu250k.121", "geometry": {"type": "Point", "coordinates": [97.6627732859, 18.6724617739]}, "geometry_name": "the_geom", "properties": {"SD_Pcode": "MMR002", "State_Divi": "Kayah", "D_Pcode": "MMR002D002", "District": "Bawlake", "TS_Pcode": "MMR002007", "Township": "Mese", "Town_Pcode": "MMR002007701", "Town": "Mese", "Town_MMR4": "\u1019\u101a\u103a\u1005\u1032", "Longitude": 97.6627732859, "Latitude": 18.6724617739, "Level": "Main Town", "Source": "GAD, Mar 2015", "Remark": ""}}, {"type": "Feature", "id": "mmr_pplp1_mimu250k.122", "geometry": {"type": "Point", "coordinates": [97.6529, 17.34688]}, "geometry_name": "the_geom", "properties": {"SD_Pcode": "MMR003", "State_Divi": "Kayin", "D_Pcode": "MMR003D004", "District": "Hpapun", "TS_Pcode": "MMR003003", "Township": "Hpapun", "Town_Pcode": "MMR003003702", "Town": "Kamarmaung", "Town_MMR4": "\u1000\u1019\u1019\u1031\u102c\u1004\u103a\u1038", "Longitude": 97.6529, "Latitude": 17.34688, "Level": "Other Town", "Source": "GAD, Mar 2015", "Remark": ""}}, {"type": "Feature", "id": "mmr_pplp1_mimu250k.123", "geometry": {"type": "Point", "coordinates": [97.63691, 16.88076]}, "geometry_name": "the_geom", "properties": {"SD_Pcode": "MMR003", "State_Divi": "Kayin", "D_Pcode": "MMR003D001", "District": "Hpa-An", "TS_Pcode": "MMR003001", "Township": "Hpa-An", "Town_Pcode": "MMR003001701", "Town": "Hpa-An", "Town_MMR4": "\u1018\u102c\u1038\u1021\u1036", "Longitude": 97.63691, "Latitude": 16.88076, "Level": "State/Region Capital", "Source": "GAD, Mar 2015", "Remark": ""}}, {"type": "Feature", "id": "mmr_pplp1_mimu250k.124", "geometry": {"type": "Point", "coordinates": [97.62593, 16.48459]}, "geometry_name": "the_geom", "properties": {"SD_Pcode": "MMR011", "State_Divi": "Mon", "D_Pcode": "MMR011D001", "District": "Mawlamyine", "TS_Pcode": "MMR011001", "Township": "Mawlamyine", "Town_Pcode": "MMR011001701", "Town": "Mawlamyine", "Town_MMR4": "\u1019\u1031\u102c\u103a\u101c\u1019\u103c\u102d\u102f\u1004\u103a", "Longitude": 97.62593, "Latitude": 16.48459, "Level": "State/Region Capital", "Source": "GAD, Mar 2015", "Remark": ""}}, {"type": "Feature", "id": "mmr_pplp1_mimu250k.125", "geometry": {"type": "Point", "coordinates": [97.58937, 27.28395]}, "geometry_name": "the_geom", "properties": {"SD_Pcode": "MMR001", "State_Divi": "Kachin", "D_Pcode": "MMR001D004", "District": "Puta-O", "TS_Pcode": "MMR001016", "Township": "Machanbaw", "Town_Pcode": "MMR001016701", "Town": "Machanbaw", "Town_MMR4": "\u1019\u1001\u103b\u1019\u103a\u1038\u1018\u1031\u102c", "Longitude": 97.58937, "Latitude": 27.28395, "Level": "Main Town", "Source": "GAD, Mar 2015", "Remark": ""}}, {"type": "Feature", "id": "mmr_pplp1_mimu250k.126", "geometry": {"type": "Point", "coordinates": [97.5677, 26.54373]}, "geometry_name": "the_geom", "properties": {"SD_Pcode": "MMR001", "State_Divi": "Kachin", "D_Pcode": "MMR001D004", "District": "Puta-O", "TS_Pcode": "MMR001015", "Township": "Sumprabum", "Town_Pcode": "MMR001015701", "Town": "Sumprabum", "Town_MMR4": "\u1006\u103d\u1019\u103a\u1015\u101b\u102c\u1018\u103d\u1019\u103a", "Longitude": 97.5677, "Latitude": 26.54373, "Level": "Main Town", "Source": "GAD, Mar 2015", "Remark": ""}}, {"type": "Feature", "id": "mmr_pplp1_mimu250k.127", "geometry": {"type": "Point", "coordinates": [97.5675, 16.08]}, "geometry_name": "the_geom", "properties": {"SD_Pcode": "MMR011", "State_Divi": "Mon", "D_Pcode": "MMR011D001", "District": "Mawlamyine", "TS_Pcode": "MMR011004", "Township": "Thanbyuzayat", "Town_Pcode": "MMR011004702", "Town": "Kyaikkhami", "Town_MMR4": "\u1000\u103b\u102d\u102f\u1000\u1039\u1001\u1019\u102e", "Longitude": 97.5675, "Latitude": 16.08, "Level": "Other Town", "Source": "GAD, Mar 2015", "Remark": ""}}, {"type": "Feature", "id": "mmr_pplp1_mimu250k.128", "geometry": {"type": "Point", "coordinates": [97.56581, 20.92536]}, "geometry_name": "the_geom", "properties": {"SD_Pcode": "MMR014", "State_Divi": "Shan (South)", "D_Pcode": "MMR014D002", "District": "Loilen", "TS_Pcode": "MMR014011", "Township": "Loilen", "Town_Pcode": "MMR014011701", "Town": "Loilen", "Town_MMR4": "\u101c\u103d\u102d\u102f\u1004\u103a\u101c\u1004\u103a", "Longitude": 97.56581, "Latitude": 20.92536, "Level": "District Capital", "Source": "GAD, Mar 2015", "Remark": ""}}, {"type": "Feature", "id": "mmr_pplp1_mimu250k.129", "geometry": {"type": "Point", "coordinates": [97.55048, 16.35125]}, "geometry_name": "the_geom", "properties": {"SD_Pcode": "MMR011", "State_Divi": "Mon", "D_Pcode": "MMR011D001", "District": "Mawlamyine", "TS_Pcode": "MMR011003", "Township": "Chaungzon", "Town_Pcode": "MMR011003701", "Town": "Chaungzon", "Town_MMR4": "\u1001\u103b\u1031\u102c\u1004\u103a\u1038\u1006\u102f\u1036", "Longitude": 97.55048, "Latitude": 16.35125, "Level": "Main Town", "Source": "GAD, Mar 2015", "Remark": ""}}, {"type": "Feature", "id": "mmr_pplp1_mimu250k.130", "geometry": {"type": "Point", "coordinates": [97.532, 20.991]}, "geometry_name": "the_geom", "properties": {"SD_Pcode": "MMR014", "State_Divi": "Shan (South)", "D_Pcode": "MMR014D002", "District": "Loilen", "TS_Pcode": "MMR014011", "Township": "Loilen", "Town_Pcode": "MMR014011702", "Town": "Pinlon", "Town_MMR4": "\u1015\u1004\u103a\u101c\u102f\u1036", "Longitude": 97.532, "Latitude": 20.991, "Level": "Other Town", "Source": "GAD, Mar 2015", "Remark": ""}}, {"type": "Feature", "id": "mmr_pplp1_mimu250k.131", "geometry": {"type": "Point", "coordinates": [97.52699, 21.61149]}, "geometry_name": "the_geom", "properties": {"SD_Pcode": "MMR014", "State_Divi": "Shan (South)", "D_Pcode": "MMR014D002", "District": "Loilen", "TS_Pcode": "MMR014016", "Township": "Mongkaing", "Town_Pcode": "MMR014016701", "Town": "Mongkaing", "Town_MMR4": "\u1019\u102d\u102f\u1004\u103a\u1038\u1000\u102d\u102f\u1004\u103a", "Longitude": 97.52699, "Latitude": 21.61149, "Level": "Main Town", "Source": "GAD, Mar 2015", "Remark": ""}}, {"type": "Feature", "id": "mmr_pplp1_mimu250k.132", "geometry": {"type": "Point", "coordinates": [97.52073, 19.63174]}, "geometry_name": "the_geom", "properties": {"SD_Pcode": "MMR002", "State_Divi": "Kayah", "D_Pcode": "MMR002D001", "District": "Loikaw", "TS_Pcode": "MMR002004", "Township": "Shadaw", "Town_Pcode": "MMR002004701", "Town": "Shadaw", "Town_MMR4": "\u101b\u103e\u102c\u1038\u1010\u1031\u102c", "Longitude": 97.52073, "Latitude": 19.63174, "Level": "Main Town", "Source": "GAD, Mar 2015", "Remark": ""}}, {"type": "Feature", "id": "mmr_pplp1_mimu250k.133", "geometry": {"type": "Point", "coordinates": [97.4995, 19.16673]}, "geometry_name": "the_geom", "properties": {"SD_Pcode": "MMR002", "State_Divi": "Kayah", "D_Pcode": "MMR002D002", "District": "Bawlake", "TS_Pcode": "MMR002005", "Township": "Bawlake", "Town_Pcode": "MMR002005702", "Town": "Ywarthit", "Town_MMR4": "\u101b\u103d\u102c\u101e\u1005\u103a", "Longitude": 97.4995, "Latitude": 19.16673, "Level": "Other Town", "Source": "GAD, Mar 2015", "Remark": ""}}, {"type": "Feature", "id": "mmr_pplp1_mimu250k.134", "geometry": {"type": "Point", "coordinates": [97.46127, 24.61398]}, "geometry_name": "the_geom", "properties": {"SD_Pcode": "MMR001", "State_Divi": "Kachin", "D_Pcode": "MMR001D003", "District": "Bhamo", "TS_Pcode": "MMR001012", "Township": "Momauk", "Town_Pcode": "MMR001012703", "Town": "Dawthponeyan", "Town_MMR4": "\u1012\u1031\u102b\u1037\u1016\u102f\u1014\u103a\u1038\u101a\u1014\u103a", "Longitude": 97.46127, "Latitude": 24.61398, "Level": "Other Town", "Source": "GAD, Mar 2015", "Remark": ""}}, {"type": "Feature", "id": "mmr_pplp1_mimu250k.135", "geometry": {"type": "Point", "coordinates": [97.45672, 16.61679]}, "geometry_name": "the_geom", "properties": {"SD_Pcode": "MMR011", "State_Divi": "Mon", "D_Pcode": "MMR011D002", "District": "Thaton", "TS_Pcode": "MMR011008", "Township": "Paung", "Town_Pcode": "MMR011008701", "Town": "Paung", "Town_MMR4": "\u1015\u1031\u102b\u1004\u103a", "Longitude": 97.45672, "Latitude": 16.61679, "Level": "Main Town", "Source": "GAD, Mar 2015", "Remark": ""}}, {"type": "Feature", "id": "mmr_pplp1_mimu250k.136", "geometry": {"type": "Point", "coordinates": [97.44321437729592, 18.063056431195335]}, "geometry_name": "the_geom", "properties": {"SD_Pcode": "MMR003", "State_Divi": "Kayin", "D_Pcode": "MMR003D004", "District": "Hpapun", "TS_Pcode": "MMR003003", "Township": "Hpapun", "Town_Pcode": "MMR003003701", "Town": "Hpapun", "Town_MMR4": "\u1016\u102c\u1015\u103d\u1014\u103a", "Longitude": 97.44321437729592, "Latitude": 18.063056431195335, "Level": "District Capital", "Source": "GAD, Mar 2015", "Remark": ""}}, {"type": "Feature", "id": "mmr_pplp1_mimu250k.137", "geometry": {"type": "Point", "coordinates": [97.44281, 25.35099]}, "geometry_name": "the_geom", "properties": {"SD_Pcode": "MMR001", "State_Divi": "Kachin", "D_Pcode": "MMR001D001", "District": "Myitkyina", "TS_Pcode": "MMR001002", "Township": "Waingmaw", "Town_Pcode": "MMR001002701", "Town": "Waingmaw", "Town_MMR4": "\u101d\u102d\u102f\u1004\u103a\u1038\u1019\u1031\u102c\u103a", "Longitude": 97.44281, "Latitude": 25.35099, "Level": "Main Town", "Source": "GAD, Mar 2015", "Remark": ""}}, {"type": "Feature", "id": "mmr_pplp1_mimu250k.138", "geometry": {"type": "Point", "coordinates": [97.42371, 16.69655]}, "geometry_name": "the_geom", "properties": {"SD_Pcode": "MMR011", "State_Divi": "Mon", "D_Pcode": "MMR011D002", "District": "Thaton", "TS_Pcode": "MMR011008", "Township": "Paung", "Town_Pcode": "MMR011008702", "Town": "Zinkyaik", "Town_MMR4": "\u1007\u1004\u103a\u1038\u1000\u103b\u102d\u102f\u1000\u103a", "Longitude": 97.42371, "Latitude": 16.69655, "Level": "Other Town", "Source": "GAD, Mar 2015", "Remark": ""}}, {"type": "Feature", "id": "mmr_pplp1_mimu250k.139", "geometry": {"type": "Point", "coordinates": [97.4159, 27.29934]}, "geometry_name": "the_geom", "properties": {"SD_Pcode": "MMR001", "State_Divi": "Kachin", "D_Pcode": "MMR001D004", "District": "Puta-O", "TS_Pcode": "MMR001014", "Township": "Puta-O", "Town_Pcode": "MMR001014701", "Town": "Puta-O", "Town_MMR4": "\u1015\u1030\u1010\u102c\u1021\u102d\u102f", "Longitude": 97.4159, "Latitude": 27.29934, "Level": "District Capital", "Source": "GAD, Mar 2015", "Remark": ""}}, {"type": "Feature", "id": "mmr_pplp1_mimu250k.140", "geometry": {"type": "Point", "coordinates": [97.40049, 23.09361]}, "geometry_name": "the_geom", "properties": {"SD_Pcode": "MMR015", "State_Divi": "Shan (North)", "D_Pcode": "MMR015D003", "District": "Kyaukme", "TS_Pcode": "MMR015015", "Township": "Namtu", "Town_Pcode": "MMR015015701", "Town": "Namtu", "Town_MMR4": "\u1014\u1019\u1039\u1019\u1010\u1030", "Longitude": 97.40049, "Latitude": 23.09361, "Level": "Main Town", "Source": "GAD, Mar 2015", "Remark": ""}}, {"type": "Feature", "id": "mmr_pplp1_mimu250k.141", "geometry": {"type": "Point", "coordinates": [97.39036, 25.38749]}, "geometry_name": "the_geom", "properties": {"SD_Pcode": "MMR001", "State_Divi": "Kachin", "D_Pcode": "MMR001D001", "District": "Myitkyina", "TS_Pcode": "MMR001001", "Township": "Myitkyina", "Town_Pcode": "MMR001001701", "Town": "Myitkyina", "Town_MMR4": "\u1019\u103c\u1005\u103a\u1000\u103c\u102e\u1038\u1014\u102c\u1038", "Longitude": 97.39036, "Latitude": 25.387490000000003, "Level": "State/Region Capital", "Source": "GAD, Mar 2015", "Remark": ""}}, {"type": "Feature", "id": "mmr_pplp1_mimu250k.142", "geometry": {"type": "Point", "coordinates": [97.3678, 16.9197]}, "geometry_name": "the_geom", "properties": {"SD_Pcode": "MMR011", "State_Divi": "Mon", "D_Pcode": "MMR011D002", "District": "Thaton", "TS_Pcode": "MMR011007", "Township": "Thaton", "Town_Pcode": "MMR011007701", "Town": "Thaton", "Town_MMR4": "\u101e\u1011\u102f\u1036", "Longitude": 97.3678, "Latitude": 16.9197, "Level": "District Capital", "Source": "GAD, Mar 2015", "Remark": ""}}, {"type": "Feature", "id": "mmr_pplp1_mimu250k.143", "geometry": {"type": "Point", "coordinates": [97.3465314811, 24.2509493642]}, "geometry_name": "the_geom", "properties": {"SD_Pcode": "MMR001", "State_Divi": "Kachin", "D_Pcode": "MMR001D003", "District": "Bhamo", "TS_Pcode": "MMR001012", "Township": "Momauk", "Town_Pcode": "MMR001012701", "Town": "Momauk", "Town_MMR4": "\u1019\u102d\u102f\u1038\u1019\u1031\u102c\u1000\u103a", "Longitude": 97.3465314811, "Latitude": 24.2509493642, "Level": "Main Town", "Source": "GAD, Mar 2015", "Remark": ""}}, {"type": "Feature", "id": "mmr_pplp1_mimu250k.144", "geometry": {"type": "Point", "coordinates": [97.3428424157, 19.1725581843]}, "geometry_name": "the_geom", "properties": {"SD_Pcode": "MMR002", "State_Divi": "Kayah", "D_Pcode": "MMR002D002", "District": "Bawlake", "TS_Pcode": "MMR002005", "Township": "Bawlake", "Town_Pcode": "MMR002005701", "Town": "Bawlake", "Town_MMR4": "\u1018\u1031\u102c\u101c\u1001\u1032", "Longitude": 97.3428424157, "Latitude": 19.1725581843, "Level": "District Capital", "Source": "GAD, Mar 2015", "Remark": ""}}, {"type": "Feature", "id": "mmr_pplp1_mimu250k.145", "geometry": {"type": "Point", "coordinates": [97.31592, 18.87063]}, "geometry_name": "the_geom", "properties": {"SD_Pcode": "MMR002", "State_Divi": "Kayah", "D_Pcode": "MMR002D002", "District": "Bawlake", "TS_Pcode": "MMR002006", "Township": "Hpasawng", "Town_Pcode": "MMR002006701", "Town": "Hpasawng", "Town_MMR4": "\u1016\u102c\u1038\u1006\u1031\u102c\u1004\u103a\u1038", "Longitude": 97.31592, "Latitude": 18.87063, "Level": "Main Town", "Source": "GAD, Mar 2015", "Remark": ""}}, {"type": "Feature", "id": "mmr_pplp1_mimu250k.146", "geometry": {"type": "Point", "coordinates": [97.30482, 17.06022]}, "geometry_name": "the_geom", "properties": {"SD_Pcode": "MMR011", "State_Divi": "Mon", "D_Pcode": "MMR011D002", "District": "Thaton", "TS_Pcode": "MMR011007", "Township": "Thaton", "Town_Pcode": "MMR011007702", "Town": "Thuwunnawady", "Town_MMR4": "\u101e\u102f\u101d\u100f\u1039\u100f\u101d\u1010\u102e", "Longitude": 97.30482, "Latitude": 17.06022, "Level": "Other Town", "Source": "GAD, Mar 2015", "Remark": ""}}, {"type": "Feature", "id": "mmr_pplp1_mimu250k.147", "geometry": {"type": "Point", "coordinates": [97.2981, 22.61894]}, "geometry_name": "the_geom", "properties": {"SD_Pcode": "MMR015", "State_Divi": "Shan (North)", "D_Pcode": "MMR015D003", "District": "Kyaukme", "TS_Pcode": "MMR015014", "Township": "Hsipaw", "Town_Pcode": "MMR015014701", "Town": "Hsipaw", "Town_MMR4": "\u101e\u102e\u1015\u1031\u102b", "Longitude": 97.2981, "Latitude": 22.61894, "Level": "Main Town", "Source": "GAD, Mar 2015", "Remark": ""}}, {"type": "Feature", "id": "mmr_pplp1_mimu250k.148", "geometry": {"type": "Point", "coordinates": [97.29311, 24.11962]}, "geometry_name": "the_geom", "properties": {"SD_Pcode": "MMR001", "State_Divi": "Kachin", "D_Pcode": "MMR001D003", "District": "Bhamo", "TS_Pcode": "MMR001013", "Township": "Mansi", "Town_Pcode": "MMR001013701", "Town": "Mansi", "Town_MMR4": "\u1019\u1036\u1005\u102e", "Longitude": 97.29311, "Latitude": 24.11962, "Level": "Main Town", "Source": "GAD, Mar 2015", "Remark": ""}}, {"type": "Feature", "id": "mmr_pplp1_mimu250k.149", "geometry": {"type": "Point", "coordinates": [97.251903882, 20.1622695921]}, "geometry_name": "the_geom", "properties": {"SD_Pcode": "MMR014", "State_Divi": "Shan (South)", "D_Pcode": "MMR014S002", "District": "Pa-O Self-Administered Zone", "TS_Pcode": "MMR014004", "Township": "Hsihseng", "Town_Pcode": "MMR014004701", "Town": "Hsihseng", "Town_MMR4": "\u1006\u102e\u1006\u102d\u102f\u1004\u103a", "Longitude": 97.251903882, "Latitude": 20.1622695921, "Level": "Main Town", "Source": "GAD, Mar 2015", "Remark": ""}}, {"type": "Feature", "id": "mmr_pplp1_mimu250k.150", "geometry": {"type": "Point", "coordinates": [97.23931, 17.21987]}, "geometry_name": "the_geom", "properties": {"SD_Pcode": "MMR011", "State_Divi": "Mon", "D_Pcode": "MMR011D002", "District": "Thaton", "TS_Pcode": "MMR011010", "Township": "Bilin", "Town_Pcode": "MMR011010701", "Town": "Bilin", "Town_MMR4": "\u1018\u102e\u1038\u101c\u1004\u103a\u1038", "Longitude": 97.23931, "Latitude": 17.21987, "Level": "Main Town", "Source": "GAD, Mar 2015", "Remark": ""}}, {"type": "Feature", "id": "mmr_pplp1_mimu250k.151", "geometry": {"type": "Point", "coordinates": [97.23441, 24.25493]}, "geometry_name": "the_geom", "properties": {"SD_Pcode": "MMR001", "State_Divi": "Kachin", "D_Pcode": "MMR001D003", "District": "Bhamo", "TS_Pcode": "MMR001010", "Township": "Bhamo", "Town_Pcode": "MMR001010701", "Town": "Bhamo", "Town_MMR4": "\u1017\u1014\u103a\u1038\u1019\u1031\u102c\u103a", "Longitude": 97.23441, "Latitude": 24.25493, "Level": "District Capital", "Source": "GAD, Mar 2015", "Remark": ""}}, {"type": "Feature", "id": "mmr_pplp1_mimu250k.152", "geometry": {"type": "Point", "coordinates": [97.20993, 19.67424]}, "geometry_name": "the_geom", "properties": {"SD_Pcode": "MMR002", "State_Divi": "Kayah", "D_Pcode": "MMR002D001", "District": "Loikaw", "TS_Pcode": "MMR002001", "Township": "Loikaw", "Town_Pcode": "MMR002001701", "Town": "Loikaw", "Town_MMR4": "\u101c\u103d\u102d\u102f\u1004\u103a\u1000\u1031\u102c\u103a", "Longitude": 97.20993, "Latitude": 19.67424, "Level": "State/Region Capital", "Source": "GAD, Mar 2015", "Remark": ""}}, {"type": "Feature", "id": "mmr_pplp1_mimu250k.153", "geometry": {"type": "Point", "coordinates": [97.17024, 20.79743]}, "geometry_name": "the_geom", "properties": {"SD_Pcode": "MMR014", "State_Divi": "Shan (South)", "D_Pcode": "MMR014S002", "District": "Pa-O Self-Administered Zone", "TS_Pcode": "MMR014003", "Township": "Hopong", "Town_Pcode": "MMR014003701", "Town": "Hopong", "Town_MMR4": "\u101f\u102d\u102f\u1015\u102f\u1036\u1038", "Longitude": 97.17024, "Latitude": 20.79743, "Level": "Main Town", "Source": "GAD, Mar 2015", "Remark": ""}}, {"type": "Feature", "id": "mmr_pplp1_mimu250k.154", "geometry": {"type": "Point", "coordinates": [97.16126, 22.96407]}, "geometry_name": "the_geom", "properties": {"SD_Pcode": "MMR015", "State_Divi": "Shan (North)", "D_Pcode": "MMR015S001", "District": "Pa Laung Self-Administered Zone", "TS_Pcode": "MMR015016", "Township": "Namhsan", "Town_Pcode": "MMR015016701", "Town": "Namhsan", "Town_MMR4": "\u1014\u1019\u103a\u1037\u1006\u1014\u103a", "Longitude": 97.16126, "Latitude": 22.96407, "Level": "Main Town", "Source": "GAD, Mar 2015", "Remark": ""}}, {"type": "Feature", "id": "mmr_pplp1_mimu250k.155", "geometry": {"type": "Point", "coordinates": [97.15881, 19.53832]}, "geometry_name": "the_geom", "properties": {"SD_Pcode": "MMR002", "State_Divi": "Kayah", "D_Pcode": "MMR002D001", "District": "Loikaw", "TS_Pcode": "MMR002002", "Township": "Demoso", "Town_Pcode": "MMR002002701", "Town": "Demoso", "Town_MMR4": "\u1012\u102e\u1038\u1019\u1031\u102c\u1037\u1006\u102d\u102f", "Longitude": 97.15881, "Latitude": 19.53832, "Level": "Main Town", "Source": "GAD, Mar 2015", "Remark": ""}}, {"type": "Feature", "id": "mmr_pplp1_mimu250k.156", "geometry": {"type": "Point", "coordinates": [97.1279939299, 19.4138694754]}, "geometry_name": "the_geom", "properties": {"SD_Pcode": "MMR002", "State_Divi": "Kayah", "D_Pcode": "MMR002D001", "District": "Loikaw", "TS_Pcode": "MMR002003", "Township": "Hpruso", "Town_Pcode": "MMR002003701", "Town": "Hpruso", "Town_MMR4": "\u1016\u101b\u1030\u1006\u102d\u102f", "Longitude": 97.1279939299, "Latitude": 19.4138694754, "Level": "Main Town", "Source": "GAD, Mar 2015", "Remark": ""}}, {"type": "Feature", "id": "mmr_pplp1_mimu250k.157", "geometry": {"type": "Point", "coordinates": [97.1222174261, 23.246479231]}, "geometry_name": "the_geom", "properties": {"SD_Pcode": "MMR015", "State_Divi": "Shan (North)", "D_Pcode": "MMR015S001", "District": "Pa Laung Self-Administered Zone", "TS_Pcode": "MMR015019", "Township": "Manton", "Town_Pcode": "MMR015019701", "Town": "Manton", "Town_MMR4": "\u1019\u1014\u103a\u1010\u102f\u1036", "Longitude": 97.1222174261, "Latitude": 23.246479231, "Level": "Main Town", "Source": "GAD, Mar 2015", "Remark": ""}}, {"type": "Feature", "id": "mmr_pplp1_mimu250k.158", "geometry": {"type": "Point", "coordinates": [97.03917, 24.77923]}, "geometry_name": "the_geom", "properties": {"SD_Pcode": "MMR001", "State_Divi": "Kachin", "D_Pcode": "MMR001D001", "District": "Myitkyina", "TS_Pcode": "MMR001001", "Township": "Myitkyina", "Town_Pcode": "MMR001001702", "Town": "Sinbo", "Town_MMR4": "\u1006\u1004\u103a\u1018\u102d\u102f", "Longitude": 97.03917, "Latitude": 24.77923, "Level": "Other Town", "Source": "GAD, Mar 2015", "Remark": ""}}, {"type": "Feature", "id": "mmr_pplp1_mimu250k.159", "geometry": {"type": "Point", "coordinates": [97.03671, 22.54172]}, "geometry_name": "the_geom", "properties": {"SD_Pcode": "MMR015", "State_Divi": "Shan (North)", "D_Pcode": "MMR015D003", "District": "Kyaukme", "TS_Pcode": "MMR015012", "Township": "Kyaukme", "Town_Pcode": "MMR015012701", "Town": "Kyaukme", "Town_MMR4": "\u1000\u103b\u1031\u102c\u1000\u103a\u1019\u1032", "Longitude": 97.03671, "Latitude": 22.54172, "Level": "District Capital", "Source": "GAD, Mar 2015", "Remark": ""}}, {"type": "Feature", "id": "mmr_pplp1_mimu250k.160", "geometry": {"type": "Point", "coordinates": [97.03598, 20.77477]}, "geometry_name": "the_geom", "properties": {"SD_Pcode": "MMR014", "State_Divi": "Shan (South)", "D_Pcode": "MMR014D001", "District": "Taunggyi", "TS_Pcode": "MMR014001", "Township": "Taunggyi", "Town_Pcode": "MMR014001701", "Town": "Taunggyi", "Town_MMR4": "\u1010\u1031\u102c\u1004\u103a\u1000\u103c\u102e\u1038", "Longitude": 97.03598, "Latitude": 20.77477, "Level": "State/Region Capital", "Source": "GAD, Mar 2015", "Remark": ""}}, {"type": "Feature", "id": "mmr_pplp1_mimu250k.161", "geometry": {"type": "Point", "coordinates": [97.024, 20.371]}, "geometry_name": "the_geom", "properties": {"SD_Pcode": "MMR014", "State_Divi": "Shan (South)", "D_Pcode": "MMR014D001", "District": "Taunggyi", "TS_Pcode": "MMR014001", "Township": "Taunggyi", "Town_Pcode": "MMR014001703", "Town": "Kyauktalonegyi", "Town_MMR4": "\u1000\u103b\u1031\u102c\u1000\u103a\u1010\u101c\u102f\u1036\u1038\u1000\u103c\u102e\u1038", "Longitude": 97.024, "Latitude": 20.371, "Level": "Other Town", "Source": "GAD, Mar 2015", "Remark": ""}}, {"type": "Feature", "id": "mmr_pplp1_mimu250k.162", "geometry": {"type": "Point", "coordinates": [97.01989, 17.31156]}, "geometry_name": "the_geom", "properties": {"SD_Pcode": "MMR011", "State_Divi": "Mon", "D_Pcode": "MMR011D002", "District": "Thaton", "TS_Pcode": "MMR011009", "Township": "Kyaikto", "Town_Pcode": "MMR011009701", "Town": "Kyaikto", "Town_MMR4": "\u1000\u103b\u102d\u102f\u1000\u103a\u1011\u102d\u102f", "Longitude": 97.01989, "Latitude": 17.31156, "Level": "Main Town", "Source": "GAD, Mar 2015", "Remark": ""}}, {"type": "Feature", "id": "mmr_pplp1_mimu250k.163", "geometry": {"type": "Point", "coordinates": [97.00896, 25.37835]}, "geometry_name": "the_geom", "properties": {"SD_Pcode": "MMR001", "State_Divi": "Kachin", "D_Pcode": "MMR001D002", "District": "Mohnyin", "TS_Pcode": "MMR001008", "Township": "Mogaung", "Town_Pcode": "MMR001008702", "Town": "Nammatee", "Town_MMR4": "\u1014\u1019\u1039\u1019\u1010\u102e\u1038", "Longitude": 97.00895999999999, "Latitude": 25.37835, "Level": "Other Town", "Source": "GAD, Mar 2015", "Remark": ""}}, {"type": "Feature", "id": "mmr_pplp1_mimu250k.164", "geometry": {"type": "Point", "coordinates": [97.00831, 19.86348]}, "geometry_name": "the_geom", "properties": {"SD_Pcode": "MMR014", "State_Divi": "Shan (South)", "D_Pcode": "MMR014D001", "District": "Taunggyi", "TS_Pcode": "MMR014010", "Township": "Pekon", "Town_Pcode": "MMR014010701", "Town": "Pekon", "Town_MMR4": "\u1016\u101a\u103a\u1001\u102f\u1036", "Longitude": 97.00831, "Latitude": 19.86348, "Level": "Main Town", "Source": "GAD, Mar 2015", "Remark": ""}}, {"type": "Feature", "id": "mmr_pplp1_mimu250k.165", "geometry": {"type": "Point", "coordinates": [96.99882, 20.77475]}, "geometry_name": "the_geom", "properties": {"SD_Pcode": "MMR014", "State_Divi": "Shan (South)", "D_Pcode": "MMR014D001", "District": "Taunggyi", "TS_Pcode": "MMR014001", "Township": "Taunggyi", "Town_Pcode": "MMR014001702", "Town": "Ayetharyar", "Town_MMR4": "\u1021\u1031\u1038\u101e\u102c\u101a\u102c", "Longitude": 96.99882, "Latitude": 20.77475, "Level": "Other Town", "Source": "GAD, Mar 2015", "Remark": ""}}, {"type": "Feature", "id": "mmr_pplp1_mimu250k.166", "geometry": {"type": "Point", "coordinates": [96.98402, 22.77316]}, "geometry_name": "the_geom", "properties": {"SD_Pcode": "MMR015", "State_Divi": "Shan (North)", "D_Pcode": "MMR015D003", "District": "Kyaukme", "TS_Pcode": "MMR015012", "Township": "Kyaukme", "Town_Pcode": "MMR015012702", "Town": "Mongngawt", "Town_MMR4": "\u1019\u102d\u102f\u1004\u103a\u1038\u1004\u1031\u102b\u1037", "Longitude": 96.98402, "Latitude": 22.77316, "Level": "Other Town", "Source": "GAD, Mar 2015", "Remark": ""}}, {"type": "Feature", "id": "mmr_pplp1_mimu250k.167", "geometry": {"type": "Point", "coordinates": [96.94038, 25.30274]}, "geometry_name": "the_geom", "properties": {"SD_Pcode": "MMR001", "State_Divi": "Kachin", "D_Pcode": "MMR001D002", "District": "Mohnyin", "TS_Pcode": "MMR001008", "Township": "Mogaung", "Town_Pcode": "MMR001008701", "Town": "Mogaung", "Town_MMR4": "\u1019\u102d\u102f\u1038\u1000\u1031\u102c\u1004\u103a\u1038", "Longitude": 96.94038, "Latitude": 25.30274, "Level": "Main Town", "Source": "GAD, Mar 2015", "Remark": ""}}, {"type": "Feature", "id": "mmr_pplp1_mimu250k.168", "geometry": {"type": "Point", "coordinates": [96.93614, 20.76015]}, "geometry_name": "the_geom", "properties": {"SD_Pcode": "MMR014", "State_Divi": "Shan (South)", "D_Pcode": "MMR014D001", "District": "Taunggyi", "TS_Pcode": "MMR014001", "Township": "Taunggyi", "Town_Pcode": "MMR014001704", "Town": "Shwenyaung", "Town_MMR4": "\u101b\u103d\u103e\u1031\u100a\u1031\u102c\u1004\u103a", "Longitude": 96.93614, "Latitude": 20.76015, "Level": "Other Town", "Source": "GAD, Mar 2015", "Remark": ""}}, {"type": "Feature", "id": "mmr_pplp1_mimu250k.169", "geometry": {"type": "Point", "coordinates": [96.93206, 20.65957]}, "geometry_name": "the_geom", "properties": {"SD_Pcode": "MMR014", "State_Divi": "Shan (South)", "D_Pcode": "MMR014D001", "District": "Taunggyi", "TS_Pcode": "MMR014002", "Township": "Nyaungshwe", "Town_Pcode": "MMR014002701", "Town": "Nyaungshwe", "Town_MMR4": "\u100a\u1031\u102c\u1004\u103a\u101b\u103d\u103e\u1031", "Longitude": 96.93206, "Latitude": 20.65957, "Level": "Main Town", "Source": "GAD, Mar 2015", "Remark": ""}}, {"type": "Feature", "id": "mmr_pplp1_mimu250k.170", "geometry": {"type": "Point", "coordinates": [96.92252, 21.63124]}, "geometry_name": "the_geom", "properties": {"SD_Pcode": "MMR014", "State_Divi": "Shan (South)", "D_Pcode": "MMR014D001", "District": "Taunggyi", "TS_Pcode": "MMR014008", "Township": "Lawksawk", "Town_Pcode": "MMR014008702", "Town": "Intaw", "Town_MMR4": "\u1021\u1004\u103a\u1010\u1031\u102c", "Longitude": 96.92252, "Latitude": 21.63124, "Level": "Other Town", "Source": "GAD, Mar 2015", "Remark": ""}}, {"type": "Feature", "id": "mmr_pplp1_mimu250k.171", "geometry": {"type": "Point", "coordinates": [96.87767, 17.92304]}, "geometry_name": "the_geom", "properties": {"SD_Pcode": "MMR007", "State_Divi": "Bago (East)", "D_Pcode": "MMR007D001", "District": "Bago", "TS_Pcode": "MMR007008", "Township": "Shwegyin", "Town_Pcode": "MMR007008701", "Town": "Shwegyin", "Town_MMR4": "\u101b\u103d\u103e\u1031\u1000\u103b\u1004\u103a", "Longitude": 96.87767, "Latitude": 17.92304, "Level": "Main Town", "Source": "GAD, Mar 2015", "Remark": ""}}, {"type": "Feature", "id": "mmr_pplp1_mimu250k.172", "geometry": {"type": "Point", "coordinates": [96.86518, 21.24664]}, "geometry_name": "the_geom", "properties": {"SD_Pcode": "MMR014", "State_Divi": "Shan (South)", "D_Pcode": "MMR014D001", "District": "Taunggyi", "TS_Pcode": "MMR014008", "Township": "Lawksawk", "Town_Pcode": "MMR014008701", "Town": "Lawksawk", "Town_MMR4": "\u101b\u1015\u103a\u1005\u1031\u102c\u1000\u103a", "Longitude": 96.86518, "Latitude": 21.24664, "Level": "Main Town", "Source": "GAD, Mar 2015", "Remark": ""}}, {"type": "Feature", "id": "mmr_pplp1_mimu250k.173", "geometry": {"type": "Point", "coordinates": [96.84535, 17.91491]}, "geometry_name": "the_geom", "properties": {"SD_Pcode": "MMR007", "State_Divi": "Bago (East)", "D_Pcode": "MMR007D001", "District": "Bago", "TS_Pcode": "MMR007005", "Township": "Nyaunglebin", "Town_Pcode": "MMR007005702", "Town": "Madauk", "Town_MMR4": "\u1019\u1012\u1031\u102b\u1000\u103a", "Longitude": 96.84534999999998, "Latitude": 17.91491, "Level": "Other Town", "Source": "GAD, Mar 2015", "Remark": ""}}, {"type": "Feature", "id": "mmr_pplp1_mimu250k.174", "geometry": {"type": "Point", "coordinates": [96.80606, 24.20695]}, "geometry_name": "the_geom", "properties": {"SD_Pcode": "MMR001", "State_Divi": "Kachin", "D_Pcode": "MMR001D003", "District": "Bhamo", "TS_Pcode": "MMR001011", "Township": "Shwegu", "Town_Pcode": "MMR001011701", "Town": "Shwegu", "Town_MMR4": "\u101b\u103d\u103e\u1031\u1000\u1030", "Longitude": 96.80606, "Latitude": 24.20695, "Level": "Main Town", "Source": "GAD, Mar 2015", "Remark": ""}}, {"type": "Feature", "id": "mmr_pplp1_mimu250k.175", "geometry": {"type": "Point", "coordinates": [96.79895, 22.33003]}, "geometry_name": "the_geom", "properties": {"SD_Pcode": "MMR015", "State_Divi": "Shan (North)", "D_Pcode": "MMR015D003", "District": "Kyaukme", "TS_Pcode": "MMR015013", "Township": "Nawnghkio", "Town_Pcode": "MMR015013701", "Town": "Nawnghkio", "Town_MMR4": "\u1014\u1031\u102c\u1004\u103a\u1001\u103b\u102d\u102f", "Longitude": 96.79895, "Latitude": 22.33003, "Level": "Main Town", "Source": "GAD, Mar 2015", "Remark": ""}}, {"type": "Feature", "id": "mmr_pplp1_mimu250k.176", "geometry": {"type": "Point", "coordinates": [96.78565, 18.91451]}, "geometry_name": "the_geom", "properties": {"SD_Pcode": "MMR003", "State_Divi": "Kayin", "D_Pcode": "MMR003D001", "District": "Hpa-An", "TS_Pcode": "MMR003004", "Township": "Thandaunggyi", "Town_Pcode": "MMR003004704", "Town": "Baw Ga Li", "Town_MMR4": "\u1018\u1031\u102c\u1002\u101c\u102d", "Longitude": 96.78565, "Latitude": 18.91451, "Level": "Other Town", "Source": "GAD, Mar 2015", "Remark": ""}}, {"type": "Feature", "id": "mmr_pplp1_mimu250k.177", "geometry": {"type": "Point", "coordinates": [96.78219, 20.12439]}, "geometry_name": "the_geom", "properties": {"SD_Pcode": "MMR014", "State_Divi": "Shan (South)", "D_Pcode": "MMR014S002", "District": "Pa-O Self-Administered Zone", "TS_Pcode": "MMR014009", "Township": "Pinlaung", "Town_Pcode": "MMR014009701", "Town": "Pinlaung", "Town_MMR4": "\u1015\u1004\u103a\u101c\u1031\u102c\u1004\u103a\u1038", "Longitude": 96.78219, "Latitude": 20.12439, "Level": "Main Town", "Source": "GAD, Mar 2015", "Remark": ""}}, {"type": "Feature", "id": "mmr_pplp1_mimu250k.178", "geometry": {"type": "Point", "coordinates": [96.76861741664261, 18.327640030311777]}, "geometry_name": "the_geom", "properties": {"SD_Pcode": "MMR007", "State_Divi": "Bago (East)", "D_Pcode": "MMR007D002", "District": "Taungoo", "TS_Pcode": "MMR007011", "Township": "Kyaukkyi", "Town_Pcode": "MMR007011701", "Town": "Kyaukkyi", "Town_MMR4": "\u1000\u103b\u1031\u102c\u1000\u103a\u1000\u103c\u102e\u1038", "Longitude": 96.76861741664261, "Latitude": 18.327640030311777, "Level": "Main Town", "Source": "GAD, Mar 2015", "Remark": ""}}, {"type": "Feature", "id": "mmr_pplp1_mimu250k.179", "geometry": {"type": "Point", "coordinates": [96.75691, 20.29326]}, "geometry_name": "the_geom", "properties": {"SD_Pcode": "MMR014", "State_Divi": "Shan (South)", "D_Pcode": "MMR014S002", "District": "Pa-O Self-Administered Zone", "TS_Pcode": "MMR014009", "Township": "Pinlaung", "Town_Pcode": "MMR014009702", "Town": "Naungtayar", "Town_MMR4": "\u1014\u1031\u102c\u1004\u103a\u1010\u101b\u102c\u1038", "Longitude": 96.75691, "Latitude": 20.29326, "Level": "Other Town", "Source": "GAD, Mar 2015", "Remark": ""}}, {"type": "Feature", "id": "mmr_pplp1_mimu250k.180", "geometry": {"type": "Point", "coordinates": [96.72151, 17.95323]}, "geometry_name": "the_geom", "properties": {"SD_Pcode": "MMR007", "State_Divi": "Bago (East)", "D_Pcode": "MMR007D001", "District": "Bago", "TS_Pcode": "MMR007005", "Township": "Nyaunglebin", "Town_Pcode": "MMR007005701", "Town": "Nyaunglebin", "Town_MMR4": "\u100a\u1031\u102c\u1004\u103a\u101c\u1031\u1038\u1015\u1004\u103a", "Longitude": 96.72151, "Latitude": 17.95323, "Level": "Main Town", "Source": "GAD, Mar 2015", "Remark": ""}}, {"type": "Feature", "id": "mmr_pplp1_mimu250k.181", "geometry": {"type": "Point", "coordinates": [96.71655, 26.35797]}, "geometry_name": "the_geom", "properties": {"SD_Pcode": "MMR001", "State_Divi": "Kachin", "D_Pcode": "MMR001D001", "District": "Myitkyina", "TS_Pcode": "MMR001004", "Township": "Tanai", "Town_Pcode": "MMR001004701", "Town": "Tanai", "Town_MMR4": "\u1010\u1014\u102d\u102f\u1004\u103a\u1038", "Longitude": 96.71655, "Latitude": 26.35797, "Level": "Main Town", "Source": "GAD, Mar 2015", "Remark": ""}}, {"type": "Feature", "id": "mmr_pplp1_mimu250k.182", "geometry": {"type": "Point", "coordinates": [96.71597, 17.87517]}, "geometry_name": "the_geom", "properties": {"SD_Pcode": "MMR007", "State_Divi": "Bago (East)", "D_Pcode": "MMR007D001", "District": "Bago", "TS_Pcode": "MMR007005", "Township": "Nyaunglebin", "Town_Pcode": "MMR007005703", "Town": "Pyuntasa", "Town_MMR4": "\u1015\u103c\u103d\u1014\u103a\u1010\u1014\u103a\u1006\u102c", "Longitude": 96.71597, "Latitude": 17.87517, "Level": "Other Town", "Source": "GAD, Mar 2015", "Remark": ""}}, {"type": "Feature", "id": "mmr_pplp1_mimu250k.183", "geometry": {"type": "Point", "coordinates": [96.71153, 25.5226]}, "geometry_name": "the_geom", "properties": {"SD_Pcode": "MMR001", "State_Divi": "Kachin", "D_Pcode": "MMR001D002", "District": "Mohnyin", "TS_Pcode": "MMR001009", "Township": "Hpakant", "Town_Pcode": "MMR001009702", "Town": "Kamaing", "Town_MMR4": "\u1000\u102c\u1019\u102d\u102f\u1004\u103a\u1038", "Longitude": 96.71153, "Latitude": 25.5226, "Level": "Other Town", "Source": "GAD, Mar 2015", "Remark": ""}}, {"type": "Feature", "id": "mmr_pplp1_mimu250k.184", "geometry": {"type": "Point", "coordinates": [96.68234, 17.4836]}, "geometry_name": "the_geom", "properties": {"SD_Pcode": "MMR007", "State_Divi": "Bago (East)", "D_Pcode": "MMR007D001", "District": "Bago", "TS_Pcode": "MMR007004", "Township": "Waw", "Town_Pcode": "MMR007004701", "Town": "Waw", "Town_MMR4": "\u101d\u1031\u102b", "Longitude": 96.68234, "Latitude": 17.4836, "Level": "Main Town", "Source": "GAD, Mar 2015", "Remark": ""}}, {"type": "Feature", "id": "mmr_pplp1_mimu250k.185", "geometry": {"type": "Point", "coordinates": [96.67547, 19.07339]}, "geometry_name": "the_geom", "properties": {"SD_Pcode": "MMR003", "State_Divi": "Kayin", "D_Pcode": "MMR003D001", "District": "Hpa-An", "TS_Pcode": "MMR003004", "Township": "Thandaunggyi", "Town_Pcode": "MMR003004701", "Town": "Thandaunggyi", "Town_MMR4": "\u101e\u1036\u1010\u1031\u102c\u1004\u103a\u1000\u103c\u102e\u1038", "Longitude": 96.67547, "Latitude": 19.07339, "Level": "Main Town", "Source": "GAD, Mar 2015", "Remark": ""}}, {"type": "Feature", "id": "mmr_pplp1_mimu250k.186", "geometry": {"type": "Point", "coordinates": [96.66999, 23.11422]}, "geometry_name": "the_geom", "properties": {"SD_Pcode": "MMR015", "State_Divi": "Shan (North)", "D_Pcode": "MMR015D008", "District": "Mongmit", "TS_Pcode": "MMR015017", "Township": "Mongmit", "Town_Pcode": "MMR015017701", "Town": "Mongmit", "Town_MMR4": "\u1019\u102d\u102f\u1038\u1019\u102d\u1010\u103a", "Longitude": 96.66999, "Latitude": 23.11422, "Level": "District Capital", "Source": "GAD, Mar 2015", "Remark": ""}}, {"type": "Feature", "id": "mmr_pplp1_mimu250k.187", "geometry": {"type": "Point", "coordinates": [96.66969, 17.78967]}, "geometry_name": "the_geom", "properties": {"SD_Pcode": "MMR007", "State_Divi": "Bago (East)", "D_Pcode": "MMR007D001", "District": "Bago", "TS_Pcode": "MMR007007", "Township": "Daik-U", "Town_Pcode": "MMR007007701", "Town": "Daik-U", "Town_MMR4": "\u1012\u102d\u102f\u1000\u103a\u1026\u1038", "Longitude": 96.66969, "Latitude": 17.78967, "Level": "Main Town", "Source": "GAD, Mar 2015", "Remark": ""}}, {"type": "Feature", "id": "mmr_pplp1_mimu250k.188", "geometry": {"type": "Point", "coordinates": [96.66836, 18.0699]}, "geometry_name": "the_geom", "properties": {"SD_Pcode": "MMR007", "State_Divi": "Bago (East)", "D_Pcode": "MMR007D001", "District": "Bago", "TS_Pcode": "MMR007005", "Township": "Nyaunglebin", "Town_Pcode": "MMR007005704", "Town": "Peinzalok", "Town_MMR4": "\u1015\u102d\u1014\u103a\u1038\u1007\u101c\u102f\u1015\u103a", "Longitude": 96.66836, "Latitude": 18.0699, "Level": "Other Town", "Source": "GAD, Mar 2015", "Remark": ""}}, {"type": "Feature", "id": "mmr_pplp1_mimu250k.189", "geometry": {"type": "Point", "coordinates": [96.66279, 20.94158]}, "geometry_name": "the_geom", "properties": {"SD_Pcode": "MMR014", "State_Divi": "Shan (South)", "D_Pcode": "MMR014S001", "District": "Danu Self-Administered Zone", "TS_Pcode": "MMR014006", "Township": "Pindaya", "Town_Pcode": "MMR014006701", "Town": "Pindaya", "Town_MMR4": "\u1015\u1004\u103a\u1038\u1010\u101a", "Longitude": 96.66279, "Latitude": 20.94158, "Level": "Main Town", "Source": "GAD, Mar 2015", "Remark": ""}}, {"type": "Feature", "id": "mmr_pplp1_mimu250k.190", "geometry": {"type": "Point", "coordinates": [96.63584, 20.66122]}, "geometry_name": "the_geom", "properties": {"SD_Pcode": "MMR014", "State_Divi": "Shan (South)", "D_Pcode": "MMR014D001", "District": "Taunggyi", "TS_Pcode": "MMR014005", "Township": "Kalaw", "Town_Pcode": "MMR014005702", "Town": "Aungpan", "Town_MMR4": "\u1021\u1031\u102c\u1004\u103a\u1015\u1014\u103a\u1038", "Longitude": 96.63584, "Latitude": 20.66122, "Level": "Other Town", "Source": "GAD, Mar 2015", "Remark": ""}}, {"type": "Feature", "id": "mmr_pplp1_mimu250k.191", "geometry": {"type": "Point", "coordinates": [96.6552155933, 24.478563394]}, "geometry_name": "the_geom", "properties": {"SD_Pcode": "MMR001", "State_Divi": "Kachin", "D_Pcode": "MMR001D003", "District": "Bhamo", "TS_Pcode": "MMR001011", "Township": "Shwegu", "Town_Pcode": "MMR001011702", "Town": "Myo Hla", "Town_MMR4": "\u1019\u103c\u102d\u102f\u1037\u101c\u103e", "Longitude": 96.6552155933, "Latitude": 24.478563394, "Level": "Other Town", "Source": "GAD, Mar 2015", "Remark": ""}}, {"type": "Feature", "id": "mmr_pplp1_mimu250k.192", "geometry": {"type": "Point", "coordinates": [96.6292, 23.47292]}, "geometry_name": "the_geom", "properties": {"SD_Pcode": "MMR015", "State_Divi": "Shan (North)", "D_Pcode": "MMR015D008", "District": "Mongmit", "TS_Pcode": "MMR015018", "Township": "Mabein", "Town_Pcode": "MMR015018701", "Town": "Mabein", "Town_MMR4": "\u1019\u1018\u102d\u1019\u103a\u1038", "Longitude": 96.6292, "Latitude": 23.47292, "Level": "Main Town", "Source": "GAD, Mar 2015", "Remark": ""}}, {"type": "Feature", "id": "mmr_pplp1_mimu250k.193", "geometry": {"type": "Point", "coordinates": [96.62431, 22.7908]}, "geometry_name": "the_geom", "properties": {"SD_Pcode": "MMR015", "State_Divi": "Shan (North)", "D_Pcode": "MMR015D003", "District": "Kyaukme", "TS_Pcode": "MMR015012", "Township": "Kyaukme", "Town_Pcode": "MMR015012703", "Town": "Monglon", "Town_MMR4": "\u1019\u102d\u102f\u1004\u103a\u1038\u101c\u102f\u1036", "Longitude": 96.62431, "Latitude": 22.7908, "Level": "Other Town", "Source": "GAD, Mar 2015", "Remark": ""}}, {"type": "Feature", "id": "mmr_pplp1_mimu250k.194", "geometry": {"type": "Point", "coordinates": [96.61391, 18.15867]}, "geometry_name": "the_geom", "properties": {"SD_Pcode": "MMR007", "State_Divi": "Bago (East)", "D_Pcode": "MMR007D001", "District": "Bago", "TS_Pcode": "MMR007006", "Township": "Kyauktaga", "Town_Pcode": "MMR007006701", "Town": "Kyauktaga", "Town_MMR4": "\u1000\u103b\u1031\u102c\u1000\u103a\u1010\u1036\u1001\u102b\u1038", "Longitude": 96.61391, "Latitude": 18.15867, "Level": "Main Town", "Source": "GAD, Mar 2015", "Remark": ""}}, {"type": "Feature", "id": "mmr_pplp1_mimu250k.195", "geometry": {"type": "Point", "coordinates": [96.59657, 17.02939]}, "geometry_name": "the_geom", "properties": {"SD_Pcode": "MMR007", "State_Divi": "Bago (East)", "D_Pcode": "MMR007D001", "District": "Bago", "TS_Pcode": "MMR007003", "Township": "Kawa", "Town_Pcode": "MMR007003702", "Town": "Thetkala", "Town_MMR4": "\u101e\u1000\u1039\u1000\u101c", "Longitude": 96.59657, "Latitude": 17.02939, "Level": "Other Town", "Source": "GAD, Mar 2015", "Remark": ""}}, {"type": "Feature", "id": "mmr_pplp1_mimu250k.196", "geometry": {"type": "Point", "coordinates": [96.58266, 19.02175]}, "geometry_name": "the_geom", "properties": {"SD_Pcode": "MMR003", "State_Divi": "Kayin", "D_Pcode": "MMR003D001", "District": "Hpa-An", "TS_Pcode": "MMR003004", "Township": "Thandaunggyi", "Town_Pcode": "MMR003004702", "Town": "Thandaung", "Town_MMR4": "\u101e\u1036\u1010\u1031\u102c\u1004\u103a", "Longitude": 96.58266, "Latitude": 19.02175, "Level": "Other Town", "Source": "GAD, Mar 2015", "Remark": ""}}, {"type": "Feature", "id": "mmr_pplp1_mimu250k.197", "geometry": {"type": "Point", "coordinates": [96.58097, 19.22235]}, "geometry_name": "the_geom", "properties": {"SD_Pcode": "MMR003", "State_Divi": "Kayin", "D_Pcode": "MMR003D001", "District": "Hpa-An", "TS_Pcode": "MMR003004", "Township": "Thandaunggyi", "Town_Pcode": "MMR003004703", "Town": "Leik Tho", "Town_MMR4": "\u101c\u102d\u1015\u103a\u101e\u102d\u102f", "Longitude": 96.58097, "Latitude": 19.22235, "Level": "Other Town", "Source": "GAD, Mar 2015", "Remark": ""}}, {"type": "Feature", "id": "mmr_pplp1_mimu250k.198", "geometry": {"type": "Point", "coordinates": [96.57664, 17.28903]}, "geometry_name": "the_geom", "properties": {"SD_Pcode": "MMR007", "State_Divi": "Bago (East)", "D_Pcode": "MMR007D001", "District": "Bago", "TS_Pcode": "MMR007002", "Township": "Thanatpin", "Town_Pcode": "MMR007002701", "Town": "Thanatpin", "Town_MMR4": "\u101e\u1014\u1015\u103a\u1015\u1004\u103a", "Longitude": 96.57664, "Latitude": 17.28903, "Level": "Main Town", "Source": "GAD, Mar 2015", "Remark": ""}}, {"type": "Feature", "id": "mmr_pplp1_mimu250k.199", "geometry": {"type": "Point", "coordinates": [96.56886, 18.22271]}, "geometry_name": "the_geom", "properties": {"SD_Pcode": "MMR007", "State_Divi": "Bago (East)", "D_Pcode": "MMR007D001", "District": "Bago", "TS_Pcode": "MMR007006", "Township": "Kyauktaga", "Town_Pcode": "MMR007006702", "Town": "Penwegon", "Town_MMR4": "\u1015\u1032\u1014\u103d\u101a\u103a\u1000\u102f\u1014\u103a\u1038", "Longitude": 96.56886, "Latitude": 18.22271, "Level": "Other Town", "Source": "GAD, Mar 2015", "Remark": ""}}, {"type": "Feature", "id": "mmr_pplp1_mimu250k.200", "geometry": {"type": "Point", "coordinates": [96.5605, 16.90544]}, "geometry_name": "the_geom", "properties": {"SD_Pcode": "MMR013", "State_Divi": "Yangon", "D_Pcode": "MMR013D003", "District": "Yangon (South)", "TS_Pcode": "MMR013026", "Township": "Kayan", "Town_Pcode": "MMR013026701", "Town": "Kayan", "Town_MMR4": "\u1001\u101b\u1019\u103a\u1038", "Longitude": 96.5605, "Latitude": 16.90544, "Level": "Main Town", "Source": "GAD, Mar 2015", "Remark": ""}}, {"type": "Feature", "id": "mmr_pplp1_mimu250k.201", "geometry": {"type": "Point", "coordinates": [96.55864, 20.62418]}, "geometry_name": "the_geom", "properties": {"SD_Pcode": "MMR014", "State_Divi": "Shan (South)", "D_Pcode": "MMR014D001", "District": "Taunggyi", "TS_Pcode": "MMR014005", "Township": "Kalaw", "Town_Pcode": "MMR014005701", "Town": "Kalaw", "Town_MMR4": "\u1000\u101c\u1031\u102c", "Longitude": 96.55864, "Latitude": 20.62418, "Level": "Main Town", "Source": "GAD, Mar 2015", "Remark": ""}}, {"type": "Feature", "id": "mmr_pplp1_mimu250k.202", "geometry": {"type": "Point", "coordinates": [96.53949, 16.64788]}, "geometry_name": "the_geom", "properties": {"SD_Pcode": "MMR013", "State_Divi": "Yangon", "D_Pcode": "MMR013D003", "District": "Yangon (South)", "TS_Pcode": "MMR013024", "Township": "Kyauktan", "Town_Pcode": "MMR013024702", "Town": "Tadar", "Town_MMR4": "\u1010\u1036\u1010\u102c\u1038", "Longitude": 96.53949, "Latitude": 16.64788, "Level": "Other Town", "Source": "GAD, Mar 2015", "Remark": ""}}, {"type": "Feature", "id": "mmr_pplp1_mimu250k.203", "geometry": {"type": "Point", "coordinates": [96.53019, 24.99183]}, "geometry_name": "the_geom", "properties": {"SD_Pcode": "MMR001", "State_Divi": "Kachin", "D_Pcode": "MMR001D002", "District": "Mohnyin", "TS_Pcode": "MMR001007", "Township": "Mohnyin", "Town_Pcode": "MMR001007702", "Town": "Hopin", "Town_MMR4": "\u101f\u102d\u102f\u1015\u1004\u103a", "Longitude": 96.53019, "Latitude": 24.99183, "Level": "Other Town", "Source": "GAD, Mar 2015", "Remark": ""}}, {"type": "Feature", "id": "mmr_pplp1_mimu250k.204", "geometry": {"type": "Point", "coordinates": [96.52654, 17.47538]}, "geometry_name": "the_geom", "properties": {"SD_Pcode": "MMR007", "State_Divi": "Bago (East)", "D_Pcode": "MMR007D001", "District": "Bago", "TS_Pcode": "MMR007001", "Township": "Bago", "Town_Pcode": "MMR007001702", "Town": "Hpayargyi", "Town_MMR4": "\u1018\u102f\u101b\u102c\u1038\u1000\u103c\u102e\u1038", "Longitude": 96.52654, "Latitude": 17.47538, "Level": "Other Town", "Source": "GAD, Mar 2015", "Remark": ""}}, {"type": "Feature", "id": "mmr_pplp1_mimu250k.205", "geometry": {"type": "Point", "coordinates": [96.52309, 16.7586]}, "geometry_name": "the_geom", "properties": {"SD_Pcode": "MMR013", "State_Divi": "Yangon", "D_Pcode": "MMR013D003", "District": "Yangon (South)", "TS_Pcode": "MMR013025", "Township": "Thongwa", "Town_Pcode": "MMR013025701", "Town": "Thongwa", "Town_MMR4": "\u101e\u102f\u1036\u1038\u1001\u103d", "Longitude": 96.52309, "Latitude": 16.7586, "Level": "Main Town", "Source": "GAD, Mar 2015", "Remark": ""}}, {"type": "Feature", "id": "mmr_pplp1_mimu250k.206", "geometry": {"type": "Point", "coordinates": [96.5054, 22.92139]}, "geometry_name": "the_geom", "properties": {"SD_Pcode": "MMR010", "State_Divi": "Mandalay", "D_Pcode": "MMR010D002", "District": "Pyinoolwin", "TS_Pcode": "MMR010011", "Township": "Mogoke", "Town_Pcode": "MMR010011701", "Town": "Mogoke", "Town_MMR4": "\u1019\u102d\u102f\u1038\u1000\u102f\u1010\u103a", "Longitude": 96.5054, "Latitude": 22.92139, "Level": "Main Town", "Source": "GAD, Mar 2015", "Remark": ""}}, {"type": "Feature", "id": "mmr_pplp1_mimu250k.207", "geometry": {"type": "Point", "coordinates": [96.4837587896245, 18.84329759065388]}, "geometry_name": "the_geom", "properties": {"SD_Pcode": "MMR007", "State_Divi": "Bago (East)", "D_Pcode": "MMR007D002", "District": "Taungoo", "TS_Pcode": "MMR007014", "Township": "Htantabin", "Town_Pcode": "MMR007014701", "Town": "Htantabin", "Town_MMR4": "\u1011\u1014\u103a\u1038\u1010\u1015\u1004\u103a", "Longitude": 96.4837587896245, "Latitude": 18.843297590653883, "Level": "Main Town", "Source": "GAD, Mar 2015", "Remark": ""}}, {"type": "Feature", "id": "mmr_pplp1_mimu250k.208", "geometry": {"type": "Point", "coordinates": [96.49218, 18.3404]}, "geometry_name": "the_geom", "properties": {"SD_Pcode": "MMR007", "State_Divi": "Bago (East)", "D_Pcode": "MMR007D002", "District": "Taungoo", "TS_Pcode": "MMR007012", "Township": "Phyu", "Town_Pcode": "MMR007012702", "Town": "Kanyutkwin", "Town_MMR4": "\u1000\u100a\u103d\u1010\u103a\u1000\u103d\u1004\u103a\u1038", "Longitude": 96.49218, "Latitude": 18.3404, "Level": "Other Town", "Source": "GAD, Mar 2015", "Remark": ""}}, {"type": "Feature", "id": "mmr_pplp1_mimu250k.209", "geometry": {"type": "Point", "coordinates": [96.48389, 17.33583]}, "geometry_name": "the_geom", "properties": {"SD_Pcode": "MMR007", "State_Divi": "Bago (East)", "D_Pcode": "MMR007D001", "District": "Bago", "TS_Pcode": "MMR007001", "Township": "Bago", "Town_Pcode": "MMR007001701", "Town": "Bago", "Town_MMR4": "\u1015\u1032\u1001\u1030\u1038", "Longitude": 96.48389, "Latitude": 17.33583, "Level": "State/Region Capital", "Source": "GAD, Mar 2015", "Remark": ""}}, {"type": "Feature", "id": "mmr_pplp1_mimu250k.210", "geometry": {"type": "Point", "coordinates": [96.46632, 17.08967]}, "geometry_name": "the_geom", "properties": {"SD_Pcode": "MMR007", "State_Divi": "Bago (East)", "D_Pcode": "MMR007D001", "District": "Bago", "TS_Pcode": "MMR007003", "Township": "Kawa", "Town_Pcode": "MMR007003701", "Town": "Kawa", "Town_MMR4": "\u1000\u101d", "Longitude": 96.46632, "Latitude": 17.08967, "Level": "Main Town", "Source": "GAD, Mar 2015", "Remark": ""}}, {"type": "Feature", "id": "mmr_pplp1_mimu250k.211", "geometry": {"type": "Point", "coordinates": [96.45634, 22.01397]}, "geometry_name": "the_geom", "properties": {"SD_Pcode": "MMR010", "State_Divi": "Mandalay", "D_Pcode": "MMR010D002", "District": "Pyinoolwin", "TS_Pcode": "MMR010008", "Township": "Pyinoolwin", "Town_Pcode": "MMR010008701", "Town": "Pyinoolwin", "Town_MMR4": "\u1015\u103c\u1004\u103a\u1026\u1038\u101c\u103d\u1004\u103a", "Longitude": 96.45634, "Latitude": 22.01397, "Level": "District Capital", "Source": "GAD, Mar 2015", "Remark": ""}}, {"type": "Feature", "id": "mmr_pplp1_mimu250k.212", "geometry": {"type": "Point", "coordinates": [96.44229, 21.16282]}, "geometry_name": "the_geom", "properties": {"SD_Pcode": "MMR014", "State_Divi": "Shan (South)", "D_Pcode": "MMR014S001", "District": "Danu Self-Administered Zone", "TS_Pcode": "MMR014007", "Township": "Ywangan", "Town_Pcode": "MMR014007701", "Town": "Ywangan", "Town_MMR4": "\u101b\u103d\u102c\u1004\u1036", "Longitude": 96.44229, "Latitude": 21.16282, "Level": "Main Town", "Source": "GAD, Mar 2015", "Remark": ""}}, {"type": "Feature", "id": "mmr_pplp1_mimu250k.213", "geometry": {"type": "Point", "coordinates": [96.43572, 18.48438]}, "geometry_name": "the_geom", "properties": {"SD_Pcode": "MMR007", "State_Divi": "Bago (East)", "D_Pcode": "MMR007D002", "District": "Taungoo", "TS_Pcode": "MMR007012", "Township": "Phyu", "Town_Pcode": "MMR007012701", "Town": "Phyu", "Town_MMR4": "\u1016\u103c\u1030\u1038", "Longitude": 96.43572, "Latitude": 18.48438, "Level": "Main Town", "Source": "GAD, Mar 2015", "Remark": ""}}, {"type": "Feature", "id": "mmr_pplp1_mimu250k.214", "geometry": {"type": "Point", "coordinates": [96.43314, 18.93953]}, "geometry_name": "the_geom", "properties": {"SD_Pcode": "MMR007", "State_Divi": "Bago (East)", "D_Pcode": "MMR007D002", "District": "Taungoo", "TS_Pcode": "MMR007009", "Township": "Taungoo", "Town_Pcode": "MMR007009701", "Town": "Taungoo", "Town_MMR4": "\u1010\u1031\u102c\u1004\u103a\u1004\u1030", "Longitude": 96.43314, "Latitude": 18.93953, "Level": "District Capital", "Source": "GAD, Mar 2015", "Remark": ""}}, {"type": "Feature", "id": "mmr_pplp1_mimu250k.215", "geometry": {"type": "Point", "coordinates": [96.43084, 18.54097]}, "geometry_name": "the_geom", "properties": {"SD_Pcode": "MMR007", "State_Divi": "Bago (East)", "D_Pcode": "MMR007D002", "District": "Taungoo", "TS_Pcode": "MMR007012", "Township": "Phyu", "Town_Pcode": "MMR007012703", "Town": "Zayyawadi", "Town_MMR4": "\u1007\u1031\u101a\u103b\u1040\u1010\u102e", "Longitude": 96.43084, "Latitude": 18.54097, "Level": "Other Town", "Source": "GAD, Mar 2015", "Remark": ""}}, {"type": "Feature", "id": "mmr_pplp1_mimu250k.216", "geometry": {"type": "Point", "coordinates": [96.41363, 18.83293]}, "geometry_name": "the_geom", "properties": {"SD_Pcode": "MMR007", "State_Divi": "Bago (East)", "D_Pcode": "MMR007D002", "District": "Taungoo", "TS_Pcode": "MMR007013", "Township": "Oktwin", "Town_Pcode": "MMR007013701", "Town": "Oktwin", "Town_MMR4": "\u1021\u102f\u1010\u103a\u1010\u103d\u1004\u103a\u1038", "Longitude": 96.41363, "Latitude": 18.83293, "Level": "Main Town", "Source": "GAD, Mar 2015", "Remark": ""}}, {"type": "Feature", "id": "mmr_pplp1_mimu250k.217", "geometry": {"type": "Point", "coordinates": [96.40357, 19.01432]}, "geometry_name": "the_geom", "properties": {"SD_Pcode": "MMR007", "State_Divi": "Bago (East)", "D_Pcode": "MMR007D002", "District": "Taungoo", "TS_Pcode": "MMR007009", "Township": "Taungoo", "Town_Pcode": "MMR007009702", "Town": "Kaytumati", "Town_MMR4": "\u1000\u1031\u1010\u102f\u1019\u1010\u102e", "Longitude": 96.40357, "Latitude": 19.01432, "Level": "Other Town", "Source": "GAD, Mar 2015", "Remark": ""}}, {"type": "Feature", "id": "mmr_pplp1_mimu250k.218", "geometry": {"type": "Point", "coordinates": [96.37637, 17.18087]}, "geometry_name": "the_geom", "properties": {"SD_Pcode": "MMR007", "State_Divi": "Bago (East)", "D_Pcode": "MMR007D001", "District": "Bago", "TS_Pcode": "MMR007001", "Township": "Bago", "Town_Pcode": "MMR007001703", "Town": "Inntakaw", "Town_MMR4": "\u1021\u1004\u103a\u1038\u1010\u1000\u1031\u102c\u103a", "Longitude": 96.37637, "Latitude": 17.18087, "Level": "Other Town", "Source": "GAD, Mar 2015", "Remark": ""}}, {"type": "Feature", "id": "mmr_pplp1_mimu250k.219", "geometry": {"type": "Point", "coordinates": [96.3649259651, 24.7771131683]}, "geometry_name": "the_geom", "properties": {"SD_Pcode": "MMR001", "State_Divi": "Kachin", "D_Pcode": "MMR001D002", "District": "Mohnyin", "TS_Pcode": "MMR001007", "Township": "Mohnyin", "Town_Pcode": "MMR001007701", "Town": "Mohnyin", "Town_MMR4": "\u1019\u102d\u102f\u1038\u100a\u103e\u1004\u103a\u1038", "Longitude": 96.3649259651, "Latitude": 24.7771131683, "Level": "District Capital", "Source": "GAD, Mar 2015", "Remark": ""}}, {"type": "Feature", "id": "mmr_pplp1_mimu250k.220", "geometry": {"type": "Point", "coordinates": [96.34234, 19.15693]}, "geometry_name": "the_geom", "properties": {"SD_Pcode": "MMR007", "State_Divi": "Bago (East)", "D_Pcode": "MMR007D002", "District": "Taungoo", "TS_Pcode": "MMR007010", "Township": "Yedashe", "Town_Pcode": "MMR007010701", "Town": "Yedashe", "Town_MMR4": "\u101b\u1031\u1010\u102c\u101b\u103e\u100a\u103a", "Longitude": 96.34234, "Latitude": 19.15693, "Level": "Main Town", "Source": "GAD, Mar 2015", "Remark": ""}}, {"type": "Feature", "id": "mmr_pplp1_mimu250k.221", "geometry": {"type": "Point", "coordinates": [96.33167, 24.18163]}, "geometry_name": "the_geom", "properties": {"SD_Pcode": "MMR005", "State_Divi": "Sagaing", "D_Pcode": "MMR005D004", "District": "Katha", "TS_Pcode": "MMR005020", "Township": "Katha", "Town_Pcode": "MMR005020701", "Town": "Katha", "Town_MMR4": "\u1000\u101e\u102c", "Longitude": 96.33167, "Latitude": 24.18163, "Level": "District Capital", "Source": "GAD, Mar 2015", "Remark": ""}}, {"type": "Feature", "id": "mmr_pplp1_mimu250k.222", "geometry": {"type": "Point", "coordinates": [96.32351, 16.63393]}, "geometry_name": "the_geom", "properties": {"SD_Pcode": "MMR013", "State_Divi": "Yangon", "D_Pcode": "MMR013D003", "District": "Yangon (South)", "TS_Pcode": "MMR013024", "Township": "Kyauktan", "Town_Pcode": "MMR013024701", "Town": "Kyauktan", "Town_MMR4": "\u1000\u103b\u1031\u102c\u1000\u103a\u1010\u1014\u103a\u1038", "Longitude": 96.32351, "Latitude": 16.63393, "Level": "Main Town", "Source": "GAD, Mar 2015", "Remark": ""}}, {"type": "Feature", "id": "mmr_pplp1_mimu250k.223", "geometry": {"type": "Point", "coordinates": [96.31212, 25.6128]}, "geometry_name": "the_geom", "properties": {"SD_Pcode": "MMR001", "State_Divi": "Kachin", "D_Pcode": "MMR001D002", "District": "Mohnyin", "TS_Pcode": "MMR001009", "Township": "Hpakant", "Town_Pcode": "MMR001009701", "Town": "Hpakant", "Town_MMR4": "\u1016\u102c\u1038\u1000\u1014\u103a\u1037", "Longitude": 96.31212, "Latitude": 25.6128, "Level": "Main Town", "Source": "GAD, Mar 2015", "Remark": ""}}, {"type": "Feature", "id": "mmr_pplp1_mimu250k.224", "geometry": {"type": "Point", "coordinates": [96.29072, 19.26498]}, "geometry_name": "the_geom", "properties": {"SD_Pcode": "MMR007", "State_Divi": "Bago (East)", "D_Pcode": "MMR007D002", "District": "Taungoo", "TS_Pcode": "MMR007010", "Township": "Yedashe", "Town_Pcode": "MMR007010702", "Town": "Hswar", "Town_MMR4": "\u1006\u103d\u102c", "Longitude": 96.29072, "Latitude": 19.26498, "Level": "Other Town", "Source": "GAD, Mar 2015", "Remark": ""}}, {"type": "Feature", "id": "mmr_pplp1_mimu250k.225", "geometry": {"type": "Point", "coordinates": [96.26804, 19.47438]}, "geometry_name": "the_geom", "properties": {"SD_Pcode": "MMR007", "State_Divi": "Bago (East)", "D_Pcode": "MMR007D002", "District": "Taungoo", "TS_Pcode": "MMR007010", "Township": "Yedashe", "Town_Pcode": "MMR007010703", "Town": "Yae Ni", "Town_MMR4": "\u101b\u1031\u1014\u102e", "Longitude": 96.26804, "Latitude": 19.47438, "Level": "Other Town", "Source": "GAD, Mar 2016", "Remark": "New Town, GAD Mar 2016 (order no. 961/2016)"}}, {"type": "Feature", "id": "mmr_pplp1_mimu250k.226", "geometry": {"type": "Point", "coordinates": [96.26628, 19.40442]}, "geometry_name": "the_geom", "properties": {"SD_Pcode": "MMR007", "State_Divi": "Bago (East)", "D_Pcode": "MMR007D002", "District": "Taungoo", "TS_Pcode": "MMR007010", "Township": "Yedashe", "Town_Pcode": "MMR007010704", "Town": "Myo Hla", "Town_MMR4": "\u1019\u103c\u102d\u102f\u1037\u101c\u103e", "Longitude": 96.26628, "Latitude": 19.40442, "Level": "Other Town", "Source": "GAD, Mar 2016", "Remark": ""}}, {"type": "Feature", "id": "mmr_pplp1_mimu250k.227", "geometry": {"type": "Point", "coordinates": [96.25184, 16.76378]}, "geometry_name": "the_geom", "properties": {"SD_Pcode": "MMR013", "State_Divi": "Yangon", "D_Pcode": "MMR013D003", "District": "Yangon (South)", "TS_Pcode": "MMR013023", "Township": "Thanlyin", "Town_Pcode": "MMR013023701", "Town": "Thanlyin", "Town_MMR4": "\u101e\u1014\u103a\u101c\u103b\u1004\u103a", "Longitude": 96.25184, "Latitude": 16.76378, "Level": "Main Town", "Source": "GAD, Mar 2015", "Remark": ""}}, {"type": "Feature", "id": "mmr_pplp1_mimu250k.228", "geometry": {"type": "Point", "coordinates": [96.22745, 17.09875]}, "geometry_name": "the_geom", "properties": {"SD_Pcode": "MMR013", "State_Divi": "Yangon", "D_Pcode": "MMR013D001", "District": "Yangon (North)", "TS_Pcode": "MMR013004", "Township": "Hlegu", "Town_Pcode": "MMR013004701", "Town": "Hlegu", "Town_MMR4": "\u101c\u103e\u100a\u103a\u1038\u1000\u1030\u1038", "Longitude": 96.22745, "Latitude": 17.09875, "Level": "Main Town", "Source": "GAD, Mar 2015", "Remark": ""}}, {"type": "Feature", "id": "mmr_pplp1_mimu250k.229", "geometry": {"type": "Point", "coordinates": [96.2094, 26.69478]}, "geometry_name": "the_geom", "properties": {"SD_Pcode": "MMR001", "State_Divi": "Kachin", "D_Pcode": "MMR001D001", "District": "Myitkyina", "TS_Pcode": "MMR001004", "Township": "Tanai", "Town_Pcode": "MMR001004702", "Town": "Shin Bway Yang", "Town_MMR4": "\u101b\u103e\u1004\u103a\u1017\u103d\u1031\u101a\u1014\u103a", "Longitude": 96.2094, "Latitude": 26.69478, "Level": "Other Town", "Source": "GAD, Mar 2015", "Remark": ""}}, {"type": "Feature", "id": "mmr_pplp1_mimu250k.230", "geometry": {"type": "Point", "coordinates": [96.20895, 19.7361]}, "geometry_name": "the_geom", "properties": {"SD_Pcode": "MMR018", "State_Divi": "Nay Pyi Taw", "D_Pcode": "MMR018D002", "District": "Det Khi Na", "TS_Pcode": "MMR018006", "Township": "Pyinmana", "Town_Pcode": "MMR018006701", "Town": "Pyinmana", "Town_MMR4": "\u1015\u103b\u1009\u103a\u1038\u1019\u1014\u102c\u1038", "Longitude": 96.20895, "Latitude": 19.7361, "Level": "Main Town", "Source": "GAD, Mar 2015", "Remark": ""}}, {"type": "Feature", "id": "mmr_pplp1_mimu250k.231", "geometry": {"type": "Point", "coordinates": [96.20297, 20.13041]}, "geometry_name": "the_geom", "properties": {"SD_Pcode": "MMR018", "State_Divi": "Nay Pyi Taw", "D_Pcode": "MMR018D001", "District": "Oke Ta Ra", "TS_Pcode": "MMR018003", "Township": "Tatkon", "Town_Pcode": "MMR018003701", "Town": "Tatkon", "Town_MMR4": "\u1010\u1015\u103a\u1000\u102f\u1014\u103a\u1038", "Longitude": 96.20297, "Latitude": 20.13041, "Level": "Main Town", "Source": "GAD, Mar 2015", "Remark": ""}}, {"type": "Feature", "id": "mmr_pplp1_mimu250k.232", "geometry": {"type": "Point", "coordinates": [96.18566, 19.80326]}, "geometry_name": "the_geom", "properties": {"SD_Pcode": "MMR018", "State_Divi": "Nay Pyi Taw", "D_Pcode": "MMR018D001", "District": "Oke Ta Ra", "TS_Pcode": "MMR018001", "Township": "Zay Yar Thi Ri", "Town_Pcode": "MMR018000777", "Town": "Nay Pyi Taw", "Town_MMR4": "\u1014\u1031\u1015\u103c\u100a\u103a\u1010\u1031\u102c\u103a", "Longitude": 96.18566, "Latitude": 19.80326, "Level": "Union Capital", "Source": "", "Remark": ""}}, {"type": "Feature", "id": "mmr_pplp1_mimu250k.233", "geometry": {"type": "Point", "coordinates": [96.1825241078, 19.84383343]}, "geometry_name": "the_geom", "properties": {"SD_Pcode": "MMR018", "State_Divi": "Nay Pyi Taw", "D_Pcode": "MMR018D001", "District": "Oke Ta Ra", "TS_Pcode": "MMR018005", "Township": "Poke Ba Thi Ri", "Town_Pcode": "MMR018005701", "Town": "Poke Ba Thi Ri", "Town_MMR4": "\u1015\u102f\u1017\u1039\u1017\u101e\u102e\u101b\u102d", "Longitude": 96.1825241078, "Latitude": 19.84383343, "Level": "Main Town", "Source": "GAD, Mar 2015", "Remark": "Urban Township"}}, {"type": "Feature", "id": "mmr_pplp1_mimu250k.234", "geometry": {"type": "Point", "coordinates": [96.16705, 26.97979]}, "geometry_name": "the_geom", "properties": {"SD_Pcode": "MMR005", "State_Divi": "Sagaing", "D_Pcode": "MMR005S001", "District": "Naga Self-Administered Zone", "TS_Pcode": "MMR005037", "Township": "Nanyun", "Town_Pcode": "MMR005037701", "Town": "Nanyun", "Town_MMR4": "\u1014\u1014\u103a\u1038\u101a\u103d\u1014\u103a\u1038", "Longitude": 96.16705, "Latitude": 26.97979, "Level": "Main Town", "Source": "GAD, Mar 2015", "Remark": ""}}, {"type": "Feature", "id": "mmr_pplp1_mimu250k.235", "geometry": {"type": "Point", "coordinates": [96.1609261617, 16.7781861107]}, "geometry_name": "the_geom", "properties": {"SD_Pcode": "MMR013", "State_Divi": "Yangon", "D_Pcode": "MMR013D004", "District": "Yangon (West)", "TS_Pcode": "MMR013033", "Township": "Kyauktada", "Town_Pcode": "MMR013000777", "Town": "Yangon", "Town_MMR4": "\u101b\u1014\u103a\u1000\u102f\u1014\u103a", "Longitude": 96.16092616169999, "Latitude": 16.7781861107, "Level": "State/Region Capital", "Source": "GAD, Mar 2015", "Remark": ""}}, {"type": "Feature", "id": "mmr_pplp1_mimu250k.236", "geometry": {"type": "Point", "coordinates": [96.1671161033, 27.2368319665]}, "geometry_name": "the_geom", "properties": {"SD_Pcode": "MMR005", "State_Divi": "Sagaing", "D_Pcode": "MMR005S001", "District": "Naga Self-Administered Zone", "TS_Pcode": "MMR005037", "Township": "Nanyun", "Town_Pcode": "MMR005037702", "Town": "Pansaung", "Town_MMR4": "\u1015\u1014\u103a\u1006\u1031\u102c\u1004\u103a", "Longitude": 96.1671161033, "Latitude": 27.2368319665, "Level": "Other Town", "Source": "GAD, Mar 2015", "Remark": ""}}, {"type": "Feature", "id": "mmr_pplp1_mimu250k.237", "geometry": {"type": "Point", "coordinates": [96.1646506554, 22.0039939404]}, "geometry_name": "the_geom", "properties": {"SD_Pcode": "MMR010", "State_Divi": "Mandalay", "D_Pcode": "MMR010D001", "District": "Mandalay", "TS_Pcode": "MMR010007", "Township": "Patheingyi", "Town_Pcode": "MMR010007701", "Town": "Patheingyi", "Town_MMR4": "\u1015\u102f\u101e\u102d\u1019\u103a\u1000\u103c\u102e\u1038", "Longitude": 96.1646506554, "Latitude": 22.0039939404, "Level": "Main Town", "Source": "GAD, Mar 2015", "Remark": ""}}, {"type": "Feature", "id": "mmr_pplp1_mimu250k.238", "geometry": {"type": "Point", "coordinates": [96.14833, 23.75452]}, "geometry_name": "the_geom", "properties": {"SD_Pcode": "MMR005", "State_Divi": "Sagaing", "D_Pcode": "MMR005D004", "District": "Katha", "TS_Pcode": "MMR005022", "Township": "Tigyaing", "Town_Pcode": "MMR005022701", "Town": "Tigyaing", "Town_MMR4": "\u1011\u102e\u1038\u1001\u103b\u102d\u102f\u1004\u103a\u1037", "Longitude": 96.14833, "Latitude": 23.75452, "Level": "Main Town", "Source": "GAD, Mar 2015", "Remark": ""}}, {"type": "Feature", "id": "mmr_pplp1_mimu250k.239", "geometry": {"type": "Point", "coordinates": [96.14167, 24.22252]}, "geometry_name": "the_geom", "properties": {"SD_Pcode": "MMR005", "State_Divi": "Sagaing", "D_Pcode": "MMR005D004", "District": "Katha", "TS_Pcode": "MMR005021", "Township": "Indaw", "Town_Pcode": "MMR005021701", "Town": "Indaw", "Town_MMR4": "\u1021\u1004\u103a\u1038\u1010\u1031\u102c\u103a", "Longitude": 96.14167, "Latitude": 24.22252, "Level": "Main Town", "Source": "GAD, Mar 2015", "Remark": ""}}, {"type": "Feature", "id": "mmr_pplp1_mimu250k.240", "geometry": {"type": "Point", "coordinates": [96.13747, 20.4305]}, "geometry_name": "the_geom", "properties": {"SD_Pcode": "MMR010", "State_Divi": "Mandalay", "D_Pcode": "MMR010D006", "District": "Yamethin", "TS_Pcode": "MMR010023", "Township": "Yamethin", "Town_Pcode": "MMR010023701", "Town": "Yamethin", "Town_MMR4": "\u101b\u1019\u100a\u103a\u1038\u101e\u1004\u103a\u1038", "Longitude": 96.13747, "Latitude": 20.4305, "Level": "District Capital", "Source": "GAD, Mar 2015", "Remark": ""}}, {"type": "Feature", "id": "mmr_pplp1_mimu250k.241", "geometry": {"type": "Point", "coordinates": [96.13086, 21.42427]}, "geometry_name": "the_geom", "properties": {"SD_Pcode": "MMR010", "State_Divi": "Mandalay", "D_Pcode": "MMR010D003", "District": "Kyaukse", "TS_Pcode": "MMR010015", "Township": "Myittha", "Town_Pcode": "MMR010015701", "Town": "Myittha", "Town_MMR4": "\u1019\u103c\u1005\u103a\u101e\u102c\u1038", "Longitude": 96.13086, "Latitude": 21.42427, "Level": "Main Town", "Source": "GAD, Mar 2015", "Remark": ""}}, {"type": "Feature", "id": "mmr_pplp1_mimu250k.242", "geometry": {"type": "Point", "coordinates": [96.13033, 21.61325]}, "geometry_name": "the_geom", "properties": {"SD_Pcode": "MMR010", "State_Divi": "Mandalay", "D_Pcode": "MMR010D003", "District": "Kyaukse", "TS_Pcode": "MMR010013", "Township": "Kyaukse", "Town_Pcode": "MMR010013701", "Town": "Kyaukse", "Town_MMR4": "\u1000\u103b\u1031\u102c\u1000\u103a\u1006\u100a\u103a", "Longitude": 96.13033, "Latitude": 21.61325, "Level": "District Capital", "Source": "GAD, Mar 2015", "Remark": ""}}, {"type": "Feature", "id": "mmr_pplp1_mimu250k.243", "geometry": {"type": "Point", "coordinates": [96.11007, 19.63467]}, "geometry_name": "the_geom", "properties": {"SD_Pcode": "MMR018", "State_Divi": "Nay Pyi Taw", "D_Pcode": "MMR018D002", "District": "Det Khi Na", "TS_Pcode": "MMR018007", "Township": "Lewe", "Town_Pcode": "MMR018007701", "Town": "Lewe", "Town_MMR4": "\u101c\u101a\u103a\u101d\u1031\u1038", "Longitude": 96.11007, "Latitude": 19.63467, "Level": "Main Town", "Source": "GAD, Mar 2015", "Remark": ""}}, {"type": "Feature", "id": "mmr_pplp1_mimu250k.244", "geometry": {"type": "Point", "coordinates": [96.10639, 22.21036]}, "geometry_name": "the_geom", "properties": {"SD_Pcode": "MMR010", "State_Divi": "Mandalay", "D_Pcode": "MMR010D002", "District": "Pyinoolwin", "TS_Pcode": "MMR010009", "Township": "Madaya", "Town_Pcode": "MMR010009701", "Town": "Madaya", "Town_MMR4": "\u1019\u1010\u1039\u1010\u101b\u102c", "Longitude": 96.10639, "Latitude": 22.21036, "Level": "Main Town", "Source": "GAD, Mar 2015", "Remark": ""}}, {"type": "Feature", "id": "mmr_pplp1_mimu250k.245", "geometry": {"type": "Point", "coordinates": [96.1061098178863, 21.73113710706414]}, "geometry_name": "the_geom", "properties": {"SD_Pcode": "MMR010", "State_Divi": "Mandalay", "D_Pcode": "MMR010D003", "District": "Kyaukse", "TS_Pcode": "MMR010014", "Township": "Sintgaing", "Town_Pcode": "MMR010014701", "Town": "Sintgaing", "Town_MMR4": "\u1005\u1009\u103a\u1037\u1000\u102d\u102f\u1004\u103a", "Longitude": 96.1061098178863, "Latitude": 21.73113710706414, "Level": "Main Town", "Source": "GAD, Mar 2015", "Remark": ""}}, {"type": "Feature", "id": "mmr_pplp1_mimu250k.246", "geometry": {"type": "Point", "coordinates": [96.092101078, 21.9894028624]}, "geometry_name": "the_geom", "properties": {"SD_Pcode": "MMR010", "State_Divi": "Mandalay", "D_Pcode": "MMR010D001", "District": "Mandalay", "TS_Pcode": "MMR010001", "Township": "Aungmyaythazan", "Town_Pcode": "MMR010000777", "Town": "Mandalay", "Town_MMR4": "\u1019\u1014\u1039\u1010\u101c\u1031\u1038", "Longitude": 96.092101078, "Latitude": 21.9894028624, "Level": "State/Region Capital", "Source": "GAD, Mar 2015", "Remark": ""}}, {"type": "Feature", "id": "mmr_pplp1_mimu250k.247", "geometry": {"type": "Point", "coordinates": [96.06893, 16.85402]}, "geometry_name": "the_geom", "properties": {"SD_Pcode": "MMR013", "State_Divi": "Yangon", "D_Pcode": "MMR013D001", "District": "Yangon (North)", "TS_Pcode": "MMR013008", "Township": "Hlaingtharya", "Town_Pcode": "MMR013008701", "Town": "Hlaingtharya", "Town_MMR4": "\u101c\u103e\u102d\u102f\u1004\u103a\u101e\u102c\u101a\u102c", "Longitude": 96.06893, "Latitude": 16.85402, "Level": "Main Town", "Source": "GAD, Mar 2015", "Remark": "Urban Township"}}, {"type": "Feature", "id": "mmr_pplp1_mimu250k.248", "geometry": {"type": "Point", "coordinates": [96.06856, 21.85418]}, "geometry_name": "the_geom", "properties": {"SD_Pcode": "MMR010", "State_Divi": "Mandalay", "D_Pcode": "MMR010D001", "District": "Mandalay", "TS_Pcode": "MMR010006", "Township": "Amarapura", "Town_Pcode": "MMR010006702", "Town": "Myitnge", "Town_MMR4": "\u1019\u103c\u1005\u103a\u1004\u101a\u103a", "Longitude": 96.06856, "Latitude": 21.85418, "Level": "Other Town", "Source": "GAD, Mar 2015", "Remark": ""}}, {"type": "Feature", "id": "mmr_pplp1_mimu250k.249", "geometry": {"type": "Point", "coordinates": [96.06195, 16.54616]}, "geometry_name": "the_geom", "properties": {"SD_Pcode": "MMR013", "State_Divi": "Yangon", "D_Pcode": "MMR013D003", "District": "Yangon (South)", "TS_Pcode": "MMR013028", "Township": "Kawhmu", "Town_Pcode": "MMR013028701", "Town": "Kawhmu", "Town_MMR4": "\u1000\u1031\u102c\u1037\u1019\u103e\u1030\u1038", "Longitude": 96.06195, "Latitude": 16.54616, "Level": "Main Town", "Source": "GAD, Mar 2015", "Remark": ""}}, {"type": "Feature", "id": "mmr_pplp1_mimu250k.250", "geometry": {"type": "Point", "coordinates": [96.05838, 20.85019]}, "geometry_name": "the_geom", "properties": {"SD_Pcode": "MMR010", "State_Divi": "Mandalay", "D_Pcode": "MMR010D007", "District": "Meiktila", "TS_Pcode": "MMR010030", "Township": "Thazi", "Town_Pcode": "MMR010030701", "Town": "Thazi", "Town_MMR4": "\u101e\u102c\u1005\u100a\u103a", "Longitude": 96.05838, "Latitude": 20.85019, "Level": "Main Town", "Source": "GAD, Mar 2015", "Remark": ""}}, {"type": "Feature", "id": "mmr_pplp1_mimu250k.251", "geometry": {"type": "Point", "coordinates": [96.05094, 20.59472]}, "geometry_name": "the_geom", "properties": {"SD_Pcode": "MMR010", "State_Divi": "Mandalay", "D_Pcode": "MMR010D006", "District": "Yamethin", "TS_Pcode": "MMR010024", "Township": "Pyawbwe", "Town_Pcode": "MMR010024701", "Town": "Pyawbwe", "Town_MMR4": "\u1015\u103b\u1031\u102c\u103a\u1018\u103d\u101a\u103a", "Longitude": 96.05094, "Latitude": 20.59472, "Level": "Main Town", "Source": "GAD, Mar 2015", "Remark": ""}}, {"type": "Feature", "id": "mmr_pplp1_mimu250k.252", "geometry": {"type": "Point", "coordinates": [96.0418, 17.09987]}, "geometry_name": "the_geom", "properties": {"SD_Pcode": "MMR013", "State_Divi": "Yangon", "D_Pcode": "MMR013D001", "District": "Yangon (North)", "TS_Pcode": "MMR013003", "Township": "Hmawbi", "Town_Pcode": "MMR013003701", "Town": "Hmawbi", "Town_MMR4": "\u1019\u103e\u1031\u102c\u103a\u1018\u102e", "Longitude": 96.0418, "Latitude": 17.09987, "Level": "Main Town", "Source": "GAD, Mar 2015", "Remark": ""}}, {"type": "Feature", "id": "mmr_pplp1_mimu250k.253", "geometry": {"type": "Point", "coordinates": [96.03001, 21.09691]}, "geometry_name": "the_geom", "properties": {"SD_Pcode": "MMR010", "State_Divi": "Mandalay", "D_Pcode": "MMR010D007", "District": "Meiktila", "TS_Pcode": "MMR010031", "Township": "Wundwin", "Town_Pcode": "MMR010031701", "Town": "Wundwin", "Town_MMR4": "\u101d\u1019\u103a\u1038\u1010\u103d\u1004\u103a\u1038", "Longitude": 96.03001, "Latitude": 21.09691, "Level": "Main Town", "Source": "GAD, Mar 2015", "Remark": ""}}, {"type": "Feature", "id": "mmr_pplp1_mimu250k.254", "geometry": {"type": "Point", "coordinates": [96.01367, 23.50188]}, "geometry_name": "the_geom", "properties": {"SD_Pcode": "MMR010", "State_Divi": "Mandalay", "D_Pcode": "MMR010D002", "District": "Pyinoolwin", "TS_Pcode": "MMR010012", "Township": "Thabeikkyin", "Town_Pcode": "MMR010012702", "Town": "Takaung", "Town_MMR4": "\u1010\u1000\u1031\u102c\u1004\u103a\u1038", "Longitude": 96.01367, "Latitude": 23.50188, "Level": "Other Town", "Source": "GAD, Mar 2015", "Remark": ""}}, {"type": "Feature", "id": "mmr_pplp1_mimu250k.255", "geometry": {"type": "Point", "coordinates": [96.0119, 16.4394]}, "geometry_name": "the_geom", "properties": {"SD_Pcode": "MMR013", "State_Divi": "Yangon", "D_Pcode": "MMR013D003", "District": "Yangon (South)", "TS_Pcode": "MMR013029", "Township": "Kungyangon", "Town_Pcode": "MMR013029701", "Town": "Kungyangon", "Town_MMR4": "\u1000\u103d\u1019\u103a\u1038\u1001\u103c\u1036\u1000\u102f\u1014\u103a\u1038", "Longitude": 96.0119, "Latitude": 16.4394, "Level": "Main Town", "Source": "GAD, Mar 2015", "Remark": ""}}, {"type": "Feature", "id": "mmr_pplp1_mimu250k.256", "geometry": {"type": "Point", "coordinates": [95.99655105246903, 22.548382066659073]}, "geometry_name": "the_geom", "properties": {"SD_Pcode": "MMR010", "State_Divi": "Mandalay", "D_Pcode": "MMR010D002", "District": "Pyinoolwin", "TS_Pcode": "MMR010010", "Township": "Singu", "Town_Pcode": "MMR010010701", "Town": "Singu", "Town_MMR4": "\u1005\u1009\u103a\u1037\u1000\u1030\u1038", "Longitude": 95.99655105246903, "Latitude": 22.548382066659073, "Level": "Main Town", "Source": "GAD, Mar 2015", "Remark": ""}}, {"type": "Feature", "id": "mmr_pplp1_mimu250k.257", "geometry": {"type": "Point", "coordinates": [95.9827, 17.0174]}, "geometry_name": "the_geom", "properties": {"SD_Pcode": "MMR013", "State_Divi": "Yangon", "D_Pcode": "MMR013D001", "District": "Yangon (North)", "TS_Pcode": "MMR013006", "Township": "Htantabin", "Town_Pcode": "MMR013006701", "Town": "Htantabin", "Town_MMR4": "\u1011\u1014\u103a\u1038\u1010\u1015\u1004\u103a", "Longitude": 95.9827, "Latitude": 17.0174, "Level": "Main Town", "Source": "GAD, Mar 2015", "Remark": ""}}, {"type": "Feature", "id": "mmr_pplp1_mimu250k.258", "geometry": {"type": "Point", "coordinates": [95.97525, 22.88593]}, "geometry_name": "the_geom", "properties": {"SD_Pcode": "MMR010", "State_Divi": "Mandalay", "D_Pcode": "MMR010D002", "District": "Pyinoolwin", "TS_Pcode": "MMR010012", "Township": "Thabeikkyin", "Town_Pcode": "MMR010012701", "Town": "Thabeikkyin", "Town_MMR4": "\u101e\u1015\u102d\u1010\u103a\u1000\u103b\u1004\u103a\u1038", "Longitude": 95.97525, "Latitude": 22.88593, "Level": "Main Town", "Source": "GAD, Mar 2015", "Remark": ""}}, {"type": "Feature", "id": "mmr_pplp1_mimu250k.259", "geometry": {"type": "Point", "coordinates": [95.97069474701341, 21.815100171117432]}, "geometry_name": "the_geom", "properties": {"SD_Pcode": "MMR010", "State_Divi": "Mandalay", "D_Pcode": "MMR010D003", "District": "Kyaukse", "TS_Pcode": "MMR010016", "Township": "Tada-U", "Town_Pcode": "MMR010016701", "Town": "Tada-U", "Town_MMR4": "\u1010\u1036\u1010\u102c\u1038\u1026\u1038", "Longitude": 95.97069474701341, "Latitude": 21.815100171117432, "Level": "Main Town", "Source": "GAD, Mar 2015", "Remark": ""}}, {"type": "Feature", "id": "mmr_pplp1_mimu250k.260", "geometry": {"type": "Point", "coordinates": [95.96344, 17.31263]}, "geometry_name": "the_geom", "properties": {"SD_Pcode": "MMR013", "State_Divi": "Yangon", "D_Pcode": "MMR013D001", "District": "Yangon (North)", "TS_Pcode": "MMR013005", "Township": "Taikkyi", "Town_Pcode": "MMR013005701", "Town": "Taikkyi", "Town_MMR4": "\u1010\u102d\u102f\u1000\u103a\u1000\u103c\u102e\u1038", "Longitude": 95.96344, "Latitude": 17.31263, "Level": "Main Town", "Source": "GAD, Mar 2015", "Remark": ""}}, {"type": "Feature", "id": "mmr_pplp1_mimu250k.261", "geometry": {"type": "Point", "coordinates": [95.96231, 21.88008]}, "geometry_name": "the_geom", "properties": {"SD_Pcode": "MMR005", "State_Divi": "Sagaing", "D_Pcode": "MMR005D001", "District": "Sagaing", "TS_Pcode": "MMR005001", "Township": "Sagaing", "Town_Pcode": "MMR005001701", "Town": "Sagaing", "Town_MMR4": "\u1005\u1005\u103a\u1000\u102d\u102f\u1004\u103a\u1038", "Longitude": 95.96231, "Latitude": 21.88008, "Level": "District Capital", "Source": "GAD, Mar 2015", "Remark": ""}}, {"type": "Feature", "id": "mmr_pplp1_mimu250k.262", "geometry": {"type": "Point", "coordinates": [95.94495, 22.59329]}, "geometry_name": "the_geom", "properties": {"SD_Pcode": "MMR005", "State_Divi": "Sagaing", "D_Pcode": "MMR005D002", "District": "Shwebo", "TS_Pcode": "MMR005004", "Township": "Shwebo", "Town_Pcode": "MMR005004702", "Town": "Kyauk Myaung", "Town_MMR4": "\u200b\u1000\u103b\u1031\u102c\u1000\u103a\u1019\u103c\u1031\u102c\u1004\u103a\u1038", "Longitude": 95.94495, "Latitude": 22.59329, "Level": "Other Town", "Source": "GAD, Mar 2015", "Remark": ""}}, {"type": "Feature", "id": "mmr_pplp1_mimu250k.263", "geometry": {"type": "Point", "coordinates": [95.93047, 16.70734]}, "geometry_name": "the_geom", "properties": {"SD_Pcode": "MMR013", "State_Divi": "Yangon", "D_Pcode": "MMR013D003", "District": "Yangon (South)", "TS_Pcode": "MMR013027", "Township": "Twantay", "Town_Pcode": "MMR013027701", "Town": "Twantay", "Town_MMR4": "\u1010\u103d\u1036\u1010\u1031\u1038", "Longitude": 95.93047, "Latitude": 16.70734, "Level": "Main Town", "Source": "GAD, Mar 2015", "Remark": ""}}, {"type": "Feature", "id": "mmr_pplp1_mimu250k.264", "geometry": {"type": "Point", "coordinates": [95.88512, 16.40806]}, "geometry_name": "the_geom", "properties": {"SD_Pcode": "MMR017", "State_Divi": "Ayeyarwady", "D_Pcode": "MMR017D006", "District": "Pyapon", "TS_Pcode": "MMR017026", "Township": "Dedaye", "Town_Pcode": "MMR017026701", "Town": "Dedaye", "Town_MMR4": "\u1012\u1031\u1038\u1012\u101b\u1032", "Longitude": 95.88512, "Latitude": 16.40806, "Level": "Main Town", "Source": "GAD, Mar 2015", "Remark": ""}}, {"type": "Feature", "id": "mmr_pplp1_mimu250k.265", "geometry": {"type": "Point", "coordinates": [95.86311, 20.88189]}, "geometry_name": "the_geom", "properties": {"SD_Pcode": "MMR010", "State_Divi": "Mandalay", "D_Pcode": "MMR010D007", "District": "Meiktila", "TS_Pcode": "MMR010028", "Township": "Meiktila", "Town_Pcode": "MMR010028701", "Town": "Meiktila", "Town_MMR4": "\u1019\u102d\u1010\u1039\u1011\u102e\u101c\u102c", "Longitude": 95.86311, "Latitude": 20.88189, "Level": "District Capital", "Source": "GAD, Mar 2015", "Remark": ""}}, {"type": "Feature", "id": "mmr_pplp1_mimu250k.266", "geometry": {"type": "Point", "coordinates": [95.8607, 17.49696]}, "geometry_name": "the_geom", "properties": {"SD_Pcode": "MMR013", "State_Divi": "Yangon", "D_Pcode": "MMR013D001", "District": "Yangon (North)", "TS_Pcode": "MMR013005", "Township": "Taikkyi", "Town_Pcode": "MMR013005702", "Town": "Okekan", "Town_MMR4": "\u1025\u1000\u1039\u1000\u1036", "Longitude": 95.8607, "Latitude": 17.49696, "Level": "Other Town", "Source": "GAD, Mar 2015", "Remark": ""}}, {"type": "Feature", "id": "mmr_pplp1_mimu250k.267", "geometry": {"type": "Point", "coordinates": [95.85767, 24.39986]}, "geometry_name": "the_geom", "properties": {"SD_Pcode": "MMR005", "State_Divi": "Sagaing", "D_Pcode": "MMR005D004", "District": "Katha", "TS_Pcode": "MMR005023", "Township": "Banmauk", "Town_Pcode": "MMR005023701", "Town": "Banmauk", "Town_MMR4": "\u1017\u1014\u103a\u1038\u1019\u1031\u102c\u1000\u103a", "Longitude": 95.85767, "Latitude": 24.39986, "Level": "Main Town", "Source": "GAD, Mar 2015", "Remark": ""}}, {"type": "Feature", "id": "mmr_pplp1_mimu250k.268", "geometry": {"type": "Point", "coordinates": [95.7916545391, 26.7756974529]}, "geometry_name": "the_geom", "properties": {"SD_Pcode": "MMR005", "State_Divi": "Sagaing", "D_Pcode": "MMR005S001", "District": "Naga Self-Administered Zone", "TS_Pcode": "MMR005037", "Township": "Nanyun", "Town_Pcode": "MMR005037703", "Town": "Don Hee", "Town_MMR4": "\u1012\u102f\u1036\u101f\u102e\u1038", "Longitude": 95.7916545391, "Latitude": 26.7756974529, "Level": "Other Town", "Source": "GAD, Mar 2015", "Remark": ""}}, {"type": "Feature", "id": "mmr_pplp1_mimu250k.269", "geometry": {"type": "Point", "coordinates": [95.78985, 17.62988]}, "geometry_name": "the_geom", "properties": {"SD_Pcode": "MMR008", "State_Divi": "Bago (West)", "D_Pcode": "MMR008D002", "District": "Thayarwady", "TS_Pcode": "MMR008007", "Township": "Thayarwady", "Town_Pcode": "MMR008007702", "Town": "Thonse", "Town_MMR4": "\u101e\u102f\u1036\u1038\u1006\u101a\u103a", "Longitude": 95.78985, "Latitude": 17.62988, "Level": "Other Town", "Source": "GAD, Mar 2015", "Remark": ""}}, {"type": "Feature", "id": "mmr_pplp1_mimu250k.270", "geometry": {"type": "Point", "coordinates": [95.78812, 22.36715]}, "geometry_name": "the_geom", "properties": {"SD_Pcode": "MMR005", "State_Divi": "Sagaing", "D_Pcode": "MMR005D002", "District": "Shwebo", "TS_Pcode": "MMR005006", "Township": "Wetlet", "Town_Pcode": "MMR005006701", "Town": "Wetlet", "Town_MMR4": "\u101d\u1000\u103a\u101c\u1000\u103a", "Longitude": 95.78812, "Latitude": 22.36715, "Level": "Main Town", "Source": "GAD, Mar 2015", "Remark": ""}}, {"type": "Feature", "id": "mmr_pplp1_mimu250k.271", "geometry": {"type": "Point", "coordinates": [95.78629, 17.65441]}, "geometry_name": "the_geom", "properties": {"SD_Pcode": "MMR008", "State_Divi": "Bago (West)", "D_Pcode": "MMR008D002", "District": "Thayarwady", "TS_Pcode": "MMR008007", "Township": "Thayarwady", "Town_Pcode": "MMR008007701", "Town": "Thayarwady", "Town_MMR4": "\u101e\u102c\u101a\u102c\u101d\u1010\u102e", "Longitude": 95.78629, "Latitude": 17.65441, "Level": "District Capital", "Source": "GAD, Mar 2015", "Remark": ""}}, {"type": "Feature", "id": "mmr_pplp1_mimu250k.272", "geometry": {"type": "Point", "coordinates": [95.74529, 17.779]}, "geometry_name": "the_geom", "properties": {"SD_Pcode": "MMR008", "State_Divi": "Bago (West)", "D_Pcode": "MMR008D002", "District": "Thayarwady", "TS_Pcode": "MMR008008", "Township": "Letpadan", "Town_Pcode": "MMR008008701", "Town": "Letpadan", "Town_MMR4": "\u101c\u1000\u103a\u1015\u1036\u1010\u1014\u103a\u1038", "Longitude": 95.74529, "Latitude": 17.779, "Level": "Main Town", "Source": "GAD, Mar 2015", "Remark": ""}}, {"type": "Feature", "id": "mmr_pplp1_mimu250k.273", "geometry": {"type": "Point", "coordinates": [95.72614, 16.44431]}, "geometry_name": "the_geom", "properties": {"SD_Pcode": "MMR017", "State_Divi": "Ayeyarwady", "D_Pcode": "MMR017D006", "District": "Pyapon", "TS_Pcode": "MMR017025", "Township": "Kyaiklat", "Town_Pcode": "MMR017025701", "Town": "Kyaiklat", "Town_MMR4": "\u1000\u103b\u102d\u102f\u1000\u103a\u101c\u1010\u103a", "Longitude": 95.72614, "Latitude": 16.44431, "Level": "Main Town", "Source": "GAD, Mar 2015", "Remark": ""}}, {"type": "Feature", "id": "mmr_pplp1_mimu250k.274", "geometry": {"type": "Point", "coordinates": [95.70905, 17.97389]}, "geometry_name": "the_geom", "properties": {"SD_Pcode": "MMR008", "State_Divi": "Bago (West)", "D_Pcode": "MMR008D002", "District": "Thayarwady", "TS_Pcode": "MMR008009", "Township": "Minhla", "Town_Pcode": "MMR008009701", "Town": "Minhla", "Town_MMR4": "\u1019\u1004\u103a\u1038\u101c\u103e", "Longitude": 95.70905, "Latitude": 17.97389, "Level": "Main Town", "Source": "GAD, Mar 2015", "Remark": ""}}, {"type": "Feature", "id": "mmr_pplp1_mimu250k.275", "geometry": {"type": "Point", "coordinates": [95.69849, 22.56996]}, "geometry_name": "the_geom", "properties": {"SD_Pcode": "MMR005", "State_Divi": "Sagaing", "D_Pcode": "MMR005D002", "District": "Shwebo", "TS_Pcode": "MMR005004", "Township": "Shwebo", "Town_Pcode": "MMR005004701", "Town": "Shwebo", "Town_MMR4": "\u101b\u103d\u103e\u1031\u1018\u102d\u102f", "Longitude": 95.69849, "Latitude": 22.56996, "Level": "District Capital", "Source": "GAD, Mar 2015", "Remark": ""}}, {"type": "Feature", "id": "mmr_pplp1_mimu250k.276", "geometry": {"type": "Point", "coordinates": [95.69547, 25.99243]}, "geometry_name": "the_geom", "properties": {"SD_Pcode": "MMR005", "State_Divi": "Sagaing", "D_Pcode": "MMR005D008", "District": "Hkamti", "TS_Pcode": "MMR005033", "Township": "Hkamti", "Town_Pcode": "MMR005033701", "Town": "Hkamti", "Town_MMR4": "\u1001\u1014\u1039\u1010\u102e\u1038", "Longitude": 95.69547, "Latitude": 25.99243, "Level": "District Capital", "Source": "GAD, Mar 2015", "Remark": ""}}, {"type": "Feature", "id": "mmr_pplp1_mimu250k.277", "geometry": {"type": "Point", "coordinates": [95.69338, 17.38239]}, "geometry_name": "the_geom", "properties": {"SD_Pcode": "MMR013", "State_Divi": "Yangon", "D_Pcode": "MMR013D001", "District": "Yangon (North)", "TS_Pcode": "MMR013005", "Township": "Taikkyi", "Town_Pcode": "MMR013005703", "Town": "Ahpyauk", "Town_MMR4": "\u1021\u1016\u103b\u1031\u102c\u1000\u103a", "Longitude": 95.69338, "Latitude": 17.38239, "Level": "Other Town", "Source": "GAD, Mar 2015", "Remark": ""}}, {"type": "Feature", "id": "mmr_pplp1_mimu250k.278", "geometry": {"type": "Point", "coordinates": [95.6819302656, 23.8992406392]}, "geometry_name": "the_geom", "properties": {"SD_Pcode": "MMR005", "State_Divi": "Sagaing", "D_Pcode": "MMR005D011", "District": "Kawlin", "TS_Pcode": "MMR005025", "Township": "Wuntho", "Town_Pcode": "MMR005025701", "Town": "Wuntho", "Town_MMR4": "\u101d\u1014\u103a\u1038\u101e\u102d\u102f", "Longitude": 95.6819302656, "Latitude": 23.8992406392, "Level": "Main Town", "Source": "GAD, Mar 2015", "Remark": ""}}, {"type": "Feature", "id": "mmr_pplp1_mimu250k.279", "geometry": {"type": "Point", "coordinates": [95.68723151490525, 21.898456649653788]}, "geometry_name": "the_geom", "properties": {"SD_Pcode": "MMR010", "State_Divi": "Mandalay", "D_Pcode": "MMR010D004", "District": "Myingyan", "TS_Pcode": "MMR010021", "Township": "Ngazun", "Town_Pcode": "MMR010021701", "Town": "Ngazun", "Town_MMR4": "\u1004\u102b\u1014\u103a\u1038\u1007\u103d\u1014\u103a", "Longitude": 95.68723151490525, "Latitude": 21.898456649653788, "Level": "Main Town", "Source": "GAD, Mar 2015", "Remark": ""}}, {"type": "Feature", "id": "mmr_pplp1_mimu250k.280", "geometry": {"type": "Point", "coordinates": [95.68339, 23.79026]}, "geometry_name": "the_geom", "properties": {"SD_Pcode": "MMR005", "State_Divi": "Sagaing", "D_Pcode": "MMR005D011", "District": "Kawlin", "TS_Pcode": "MMR005024", "Township": "Kawlin", "Town_Pcode": "MMR005024701", "Town": "Kawlin", "Town_MMR4": "\u1000\u1031\u102c\u101c\u1004\u103a\u1038", "Longitude": 95.68339, "Latitude": 23.79026, "Level": "District Capital", "Source": "GAD, Mar 2015", "Remark": ""}}, {"type": "Feature", "id": "mmr_pplp1_mimu250k.281", "geometry": {"type": "Point", "coordinates": [95.6801933256006, 16.291609704209915]}, "geometry_name": "the_geom", "properties": {"SD_Pcode": "MMR017", "State_Divi": "Ayeyarwady", "D_Pcode": "MMR017D006", "District": "Pyapon", "TS_Pcode": "MMR017023", "Township": "Pyapon", "Town_Pcode": "MMR017023701", "Town": "Pyapon", "Town_MMR4": "\u1016\u103b\u102c\u1015\u102f\u1036", "Longitude": 95.6801933256006, "Latitude": 16.291609704209915, "Level": "District Capital", "Source": "GAD, Mar 2015", "Remark": ""}}, {"type": "Feature", "id": "mmr_pplp1_mimu250k.282", "geometry": {"type": "Point", "coordinates": [95.67177, 18.13022]}, "geometry_name": "the_geom", "properties": {"SD_Pcode": "MMR008", "State_Divi": "Bago (West)", "D_Pcode": "MMR008D002", "District": "Thayarwady", "TS_Pcode": "MMR008010", "Township": "Okpho", "Town_Pcode": "MMR008010701", "Town": "Okpho", "Town_MMR4": "\u1021\u102f\u1010\u103a\u1016\u102d\u102f", "Longitude": 95.67177, "Latitude": 18.13022, "Level": "Main Town", "Source": "GAD, Mar 2015", "Remark": ""}}, {"type": "Feature", "id": "mmr_pplp1_mimu250k.283", "geometry": {"type": "Point", "coordinates": [95.6545, 21.4237]}, "geometry_name": "the_geom", "properties": {"SD_Pcode": "MMR010", "State_Divi": "Mandalay", "D_Pcode": "MMR010D004", "District": "Myingyan", "TS_Pcode": "MMR010019", "Township": "Natogyi", "Town_Pcode": "MMR010019701", "Town": "Natogyi", "Town_MMR4": "\u1014\u103d\u102c\u1038\u1011\u102d\u102f\u1038\u1000\u103c\u102e\u1038", "Longitude": 95.6545, "Latitude": 21.4237, "Level": "Main Town", "Source": "GAD, Mar 2015", "Remark": ""}}, {"type": "Feature", "id": "mmr_pplp1_mimu250k.284", "geometry": {"type": "Point", "coordinates": [95.65259, 18.22989]}, "geometry_name": "the_geom", "properties": {"SD_Pcode": "MMR008", "State_Divi": "Bago (West)", "D_Pcode": "MMR008D002", "District": "Thayarwady", "TS_Pcode": "MMR008014", "Township": "Gyobingauk", "Town_Pcode": "MMR008014701", "Town": "Gyobingauk", "Town_MMR4": "\u1000\u103c\u102d\u102f\u1037\u1015\u1004\u103a\u1000\u1031\u102c\u1000\u103a", "Longitude": 95.65259, "Latitude": 18.22989, "Level": "Main Town", "Source": "GAD, Mar 2015", "Remark": ""}}, {"type": "Feature", "id": "mmr_pplp1_mimu250k.285", "geometry": {"type": "Point", "coordinates": [95.6494, 16.73023]}, "geometry_name": "the_geom", "properties": {"SD_Pcode": "MMR017", "State_Divi": "Ayeyarwady", "D_Pcode": "MMR017D005", "District": "Maubin", "TS_Pcode": "MMR017019", "Township": "Maubin", "Town_Pcode": "MMR017019701", "Town": "Maubin", "Town_MMR4": "\u1019\u1021\u1030\u1015\u1004\u103a", "Longitude": 95.6494, "Latitude": 16.73023, "Level": "District Capital", "Source": "GAD, Mar 2015", "Remark": ""}}, {"type": "Feature", "id": "mmr_pplp1_mimu250k.286", "geometry": {"type": "Point", "coordinates": [95.64698, 21.09867]}, "geometry_name": "the_geom", "properties": {"SD_Pcode": "MMR010", "State_Divi": "Mandalay", "D_Pcode": "MMR010D007", "District": "Meiktila", "TS_Pcode": "MMR010029", "Township": "Mahlaing", "Town_Pcode": "MMR010029701", "Town": "Mahlaing", "Town_MMR4": "\u1019\u101c\u103e\u102d\u102f\u1004\u103a", "Longitude": 95.64698, "Latitude": 21.09867, "Level": "Main Town", "Source": "GAD, Mar 2015", "Remark": ""}}, {"type": "Feature", "id": "mmr_pplp1_mimu250k.287", "geometry": {"type": "Point", "coordinates": [95.63359, 17.04903]}, "geometry_name": "the_geom", "properties": {"SD_Pcode": "MMR017", "State_Divi": "Ayeyarwady", "D_Pcode": "MMR017D005", "District": "Maubin", "TS_Pcode": "MMR017021", "Township": "Nyaungdon", "Town_Pcode": "MMR017021701", "Town": "Nyaungdon", "Town_MMR4": "\u100a\u1031\u102c\u1004\u103a\u1010\u102f\u1014\u103a\u1038", "Longitude": 95.63359, "Latitude": 17.04903, "Level": "Main Town", "Source": "GAD, Mar 2015", "Remark": ""}}, {"type": "Feature", "id": "mmr_pplp1_mimu250k.288", "geometry": {"type": "Point", "coordinates": [95.62304, 18.33846]}, "geometry_name": "the_geom", "properties": {"SD_Pcode": "MMR008", "State_Divi": "Bago (West)", "D_Pcode": "MMR008D002", "District": "Thayarwady", "TS_Pcode": "MMR008011", "Township": "Zigon", "Town_Pcode": "MMR008011701", "Town": "Zigon", "Town_MMR4": "\u1007\u102e\u1038\u1000\u102f\u1014\u103a\u1038", "Longitude": 95.62304, "Latitude": 18.33846, "Level": "Main Town", "Source": "GAD, Mar 2015", "Remark": ""}}, {"type": "Feature", "id": "mmr_pplp1_mimu250k.289", "geometry": {"type": "Point", "coordinates": [95.62149, 22.77016]}, "geometry_name": "the_geom", "properties": {"SD_Pcode": "MMR005", "State_Divi": "Sagaing", "D_Pcode": "MMR005D002", "District": "Shwebo", "TS_Pcode": "MMR005005", "Township": "Khin-U", "Town_Pcode": "MMR005005701", "Town": "Khin-U", "Town_MMR4": "\u1001\u1004\u103a\u1026\u1038", "Longitude": 95.62149, "Latitude": 22.77016, "Level": "Main Town", "Source": "GAD, Mar 2015", "Remark": ""}}, {"type": "Feature", "id": "mmr_pplp1_mimu250k.290", "geometry": {"type": "Point", "coordinates": [95.59583, 17.25468]}, "geometry_name": "the_geom", "properties": {"SD_Pcode": "MMR017", "State_Divi": "Ayeyarwady", "D_Pcode": "MMR017D005", "District": "Maubin", "TS_Pcode": "MMR017022", "Township": "Danubyu", "Town_Pcode": "MMR017022701", "Town": "Danubyu", "Town_MMR4": "\u1013\u1014\u102f\u1016\u103c\u1030", "Longitude": 95.59583, "Latitude": 17.25468, "Level": "Main Town", "Source": "GAD, Mar 2015", "Remark": ""}}, {"type": "Feature", "id": "mmr_pplp1_mimu250k.291", "geometry": {"type": "Point", "coordinates": [95.57156697018951, 21.92680562270408]}, "geometry_name": "the_geom", "properties": {"SD_Pcode": "MMR005", "State_Divi": "Sagaing", "D_Pcode": "MMR005D001", "District": "Sagaing", "TS_Pcode": "MMR005002", "Township": "Myinmu", "Town_Pcode": "MMR005002701", "Town": "Myinmu", "Town_MMR4": "\u1019\u103c\u1004\u103a\u1038\u1019\u1030", "Longitude": 95.57156697018951, "Latitude": 21.92680562270408, "Level": "Main Town", "Source": "GAD, Mar 2015", "Remark": ""}}, {"type": "Feature", "id": "mmr_pplp1_mimu250k.292", "geometry": {"type": "Point", "coordinates": [95.55666, 17.4781]}, "geometry_name": "the_geom", "properties": {"SD_Pcode": "MMR017", "State_Divi": "Ayeyarwady", "D_Pcode": "MMR017D002", "District": "Hinthada", "TS_Pcode": "MMR017009", "Township": "Zalun", "Town_Pcode": "MMR017009701", "Town": "Zalun", "Town_MMR4": "\u1007\u101c\u103d\u1014\u103a", "Longitude": 95.55666, "Latitude": 17.4781, "Level": "Main Town", "Source": "GAD, Mar 2015", "Remark": ""}}, {"type": "Feature", "id": "mmr_pplp1_mimu250k.293", "geometry": {"type": "Point", "coordinates": [95.54819, 18.9028]}, "geometry_name": "the_geom", "properties": {"SD_Pcode": "MMR008", "State_Divi": "Bago (West)", "D_Pcode": "MMR008D001", "District": "Pyay", "TS_Pcode": "MMR008002", "Township": "Paukkhaung", "Town_Pcode": "MMR008002701", "Town": "Paukkhaung", "Town_MMR4": "\u1015\u1031\u102b\u1000\u103a\u1001\u1031\u102b\u1004\u103a\u1038", "Longitude": 95.54819, "Latitude": 18.9028, "Level": "Main Town", "Source": "GAD, Mar 2015", "Remark": ""}}, {"type": "Feature", "id": "mmr_pplp1_mimu250k.294", "geometry": {"type": "Point", "coordinates": [95.54731, 18.42753]}, "geometry_name": "the_geom", "properties": {"SD_Pcode": "MMR008", "State_Divi": "Bago (West)", "D_Pcode": "MMR008D002", "District": "Thayarwady", "TS_Pcode": "MMR008012", "Township": "Nattalin", "Town_Pcode": "MMR008012701", "Town": "Nattalin", "Town_MMR4": "\u1014\u1010\u103a\u1010\u101c\u1004\u103a\u1038", "Longitude": 95.54731, "Latitude": 18.42753, "Level": "Main Town", "Source": "GAD, Mar 2015", "Remark": ""}}, {"type": "Feature", "id": "mmr_pplp1_mimu250k.295", "geometry": {"type": "Point", "coordinates": [95.54614, 20.00187]}, "geometry_name": "the_geom", "properties": {"SD_Pcode": "MMR009", "State_Divi": "Magway", "D_Pcode": "MMR009D001", "District": "Magway", "TS_Pcode": "MMR009004", "Township": "Taungdwingyi", "Town_Pcode": "MMR009004701", "Town": "Taungdwingyi", "Town_MMR4": "\u1010\u1031\u102c\u1004\u103a\u1010\u103d\u1004\u103a\u1038\u1000\u103c\u102e\u1038", "Longitude": 95.54614, "Latitude": 20.00187, "Level": "Main Town", "Source": "GAD, Mar 2015", "Remark": ""}}, {"type": "Feature", "id": "mmr_pplp1_mimu250k.296", "geometry": {"type": "Point", "coordinates": [95.5321, 23.31964]}, "geometry_name": "the_geom", "properties": {"SD_Pcode": "MMR005", "State_Divi": "Sagaing", "D_Pcode": "MMR005D010", "District": "Kanbalu", "TS_Pcode": "MMR005008", "Township": "Kyunhla", "Town_Pcode": "MMR005008701", "Town": "Kyunhla", "Town_MMR4": "\u1000\u103b\u103d\u1014\u103a\u1038\u101c\u103e", "Longitude": 95.5321, "Latitude": 23.31964, "Level": "Main Town", "Source": "GAD, Mar 2015", "Remark": ""}}, {"type": "Feature", "id": "mmr_pplp1_mimu250k.297", "geometry": {"type": "Point", "coordinates": [95.51886, 23.20305]}, "geometry_name": "the_geom", "properties": {"SD_Pcode": "MMR005", "State_Divi": "Sagaing", "D_Pcode": "MMR005D010", "District": "Kanbalu", "TS_Pcode": "MMR005007", "Township": "Kanbalu", "Town_Pcode": "MMR005007701", "Town": "Kanbalu", "Town_MMR4": "\u1000\u1014\u103a\u1037\u1018\u101c\u1030", "Longitude": 95.51886, "Latitude": 23.20305, "Level": "District Capital", "Source": "GAD, Mar 2015", "Remark": ""}}, {"type": "Feature", "id": "mmr_pplp1_mimu250k.298", "geometry": {"type": "Point", "coordinates": [95.51185, 18.02719]}, "geometry_name": "the_geom", "properties": {"SD_Pcode": "MMR008", "State_Divi": "Bago (West)", "D_Pcode": "MMR008D002", "District": "Thayarwady", "TS_Pcode": "MMR008013", "Township": "Monyo", "Town_Pcode": "MMR008013701", "Town": "Monyo", "Town_MMR4": "\u1019\u102d\u102f\u1038\u100a\u102d\u102f", "Longitude": 95.51185, "Latitude": 18.02719, "Level": "Main Town", "Source": "GAD, Mar 2015", "Remark": ""}}, {"type": "Feature", "id": "mmr_pplp1_mimu250k.299", "geometry": {"type": "Point", "coordinates": [95.50721, 18.48947]}, "geometry_name": "the_geom", "properties": {"SD_Pcode": "MMR008", "State_Divi": "Bago (West)", "D_Pcode": "MMR008D001", "District": "Pyay", "TS_Pcode": "MMR008004", "Township": "Paungde", "Town_Pcode": "MMR008004701", "Town": "Paungde", "Town_MMR4": "\u1015\u1031\u102b\u1004\u103a\u1038\u1010\u100a\u103a", "Longitude": 95.50721, "Latitude": 18.48947, "Level": "Main Town", "Source": "GAD, Mar 2015", "Remark": ""}}, {"type": "Feature", "id": "mmr_pplp1_mimu250k.300", "geometry": {"type": "Point", "coordinates": [95.46595, 16.98212]}, "geometry_name": "the_geom", "properties": {"SD_Pcode": "MMR017", "State_Divi": "Ayeyarwady", "D_Pcode": "MMR017D005", "District": "Maubin", "TS_Pcode": "MMR017020", "Township": "Pantanaw", "Town_Pcode": "MMR017020701", "Town": "Pantanaw", "Town_MMR4": "\u1015\u1014\u103a\u1038\u1010\u1014\u1031\u102c\u103a", "Longitude": 95.46595, "Latitude": 16.98212, "Level": "Main Town", "Source": "GAD, Mar 2015", "Remark": ""}}, {"type": "Feature", "id": "mmr_pplp1_mimu250k.301", "geometry": {"type": "Point", "coordinates": [95.45818, 17.64958]}, "geometry_name": "the_geom", "properties": {"SD_Pcode": "MMR017", "State_Divi": "Ayeyarwady", "D_Pcode": "MMR017D002", "District": "Hinthada", "TS_Pcode": "MMR017008", "Township": "Hinthada", "Town_Pcode": "MMR017008701", "Town": "Hinthada", "Town_MMR4": "\u101f\u1004\u103a\u1039\u101e\u102c\u1010", "Longitude": 95.45818, "Latitude": 17.64958, "Level": "District Capital", "Source": "GAD, Mar 2015", "Remark": ""}}, {"type": "Feature", "id": "mmr_pplp1_mimu250k.302", "geometry": {"type": "Point", "coordinates": [95.45645, 18.57236]}, "geometry_name": "the_geom", "properties": {"SD_Pcode": "MMR008", "State_Divi": "Bago (West)", "D_Pcode": "MMR008D001", "District": "Pyay", "TS_Pcode": "MMR008005", "Township": "Thegon", "Town_Pcode": "MMR008005702", "Town": "Puteekone", "Town_MMR4": "\u1015\u102f\u1010\u102e\u1038\u1000\u102f\u1014\u103a\u1038", "Longitude": 95.45645, "Latitude": 18.57236, "Level": "Other Town", "Source": "GAD, Mar 2015", "Remark": ""}}, {"type": "Feature", "id": "mmr_pplp1_mimu250k.303", "geometry": {"type": "Point", "coordinates": [95.45068, 22.28525]}, "geometry_name": "the_geom", "properties": {"SD_Pcode": "MMR005", "State_Divi": "Sagaing", "D_Pcode": "MMR005D003", "District": "Monywa", "TS_Pcode": "MMR005014", "Township": "Ayadaw", "Town_Pcode": "MMR005014701", "Town": "Ayadaw", "Town_MMR4": "\u1021\u101b\u102c\u1010\u1031\u102c\u103a", "Longitude": 95.45068, "Latitude": 22.28525, "Level": "Main Town", "Source": "GAD, Mar 2015", "Remark": ""}}, {"type": "Feature", "id": "mmr_pplp1_mimu250k.304", "geometry": {"type": "Point", "coordinates": [95.44692, 20.19919]}, "geometry_name": "the_geom", "properties": {"SD_Pcode": "MMR009", "State_Divi": "Magway", "D_Pcode": "MMR009D001", "District": "Magway", "TS_Pcode": "MMR009005", "Township": "Myothit", "Town_Pcode": "MMR009005701", "Town": "Myothit", "Town_MMR4": "\u1019\u103c\u102d\u102f\u1037\u101e\u1005\u103a", "Longitude": 95.44692, "Latitude": 20.19919, "Level": "Main Town", "Source": "GAD, Mar 2015", "Remark": ""}}, {"type": "Feature", "id": "mmr_pplp1_mimu250k.305", "geometry": {"type": "Point", "coordinates": [95.44541, 21.27603]}, "geometry_name": "the_geom", "properties": {"SD_Pcode": "MMR010", "State_Divi": "Mandalay", "D_Pcode": "MMR010D004", "District": "Myingyan", "TS_Pcode": "MMR010018", "Township": "Taungtha", "Town_Pcode": "MMR010018701", "Town": "Taungtha", "Town_MMR4": "\u1010\u1031\u102c\u1004\u103a\u101e\u102c", "Longitude": 95.44541, "Latitude": 21.27603, "Level": "Main Town", "Source": "GAD, Mar 2015", "Remark": ""}}, {"type": "Feature", "id": "mmr_pplp1_mimu250k.306", "geometry": {"type": "Point", "coordinates": [95.44113, 26.32594]}, "geometry_name": "the_geom", "properties": {"SD_Pcode": "MMR005", "State_Divi": "Sagaing", "D_Pcode": "MMR005S001", "District": "Naga Self-Administered Zone", "TS_Pcode": "MMR005036", "Township": "Lahe", "Town_Pcode": "MMR005036701", "Town": "Lahe", "Town_MMR4": "\u101c\u101f\u101a\u103a", "Longitude": 95.44113, "Latitude": 26.32594, "Level": "Main Town", "Source": "GAD, Mar 2015", "Remark": ""}}, {"type": "Feature", "id": "mmr_pplp1_mimu250k.307", "geometry": {"type": "Point", "coordinates": [95.43049, 22.76914]}, "geometry_name": "the_geom", "properties": {"SD_Pcode": "MMR005", "State_Divi": "Sagaing", "D_Pcode": "MMR005D002", "District": "Shwebo", "TS_Pcode": "MMR005009", "Township": "Ye-U", "Town_Pcode": "MMR005009701", "Town": "Ye-U", "Town_MMR4": "\u101b\u1031\u1026\u1038", "Longitude": 95.43049, "Latitude": 22.76914, "Level": "Main Town", "Source": "GAD, Mar 2015", "Remark": ""}}, {"type": "Feature", "id": "mmr_pplp1_mimu250k.308", "geometry": {"type": "Point", "coordinates": [95.42424956733528, 21.831639681011662]}, "geometry_name": "the_geom", "properties": {"SD_Pcode": "MMR005", "State_Divi": "Sagaing", "D_Pcode": "MMR005D001", "District": "Sagaing", "TS_Pcode": "MMR005003", "Township": "Myaung", "Town_Pcode": "MMR005003701", "Town": "Myaung", "Town_MMR4": "\u1019\u103c\u1031\u102c\u1004\u103a", "Longitude": 95.42424956733528, "Latitude": 21.831639681011662, "Level": "Main Town", "Source": "GAD, Mar 2015", "Remark": ""}}, {"type": "Feature", "id": "mmr_pplp1_mimu250k.309", "geometry": {"type": "Point", "coordinates": [95.41721, 18.64698]}, "geometry_name": "the_geom", "properties": {"SD_Pcode": "MMR008", "State_Divi": "Bago (West)", "D_Pcode": "MMR008D001", "District": "Pyay", "TS_Pcode": "MMR008005", "Township": "Thegon", "Town_Pcode": "MMR008005701", "Town": "Thegon", "Town_MMR4": "\u101e\u1032\u1000\u102f\u1014\u103a\u1038", "Longitude": 95.41721, "Latitude": 18.64698, "Level": "Main Town", "Source": "GAD, Mar 2015", "Remark": ""}}, {"type": "Feature", "id": "mmr_pplp1_mimu250k.310", "geometry": {"type": "Point", "coordinates": [95.39966, 20.35339]}, "geometry_name": "the_geom", "properties": {"SD_Pcode": "MMR009", "State_Divi": "Magway", "D_Pcode": "MMR009D001", "District": "Magway", "TS_Pcode": "MMR009006", "Township": "Natmauk", "Town_Pcode": "MMR009006701", "Town": "Natmauk", "Town_MMR4": "\u1014\u1010\u103a\u1019\u1031\u102c\u1000\u103a", "Longitude": 95.39966, "Latitude": 20.35339, "Level": "Main Town", "Source": "GAD, Mar 2015", "Remark": ""}}, {"type": "Feature", "id": "mmr_pplp1_mimu250k.311", "geometry": {"type": "Point", "coordinates": [95.3968, 16.295]}, "geometry_name": "the_geom", "properties": {"SD_Pcode": "MMR017", "State_Divi": "Ayeyarwady", "D_Pcode": "MMR017D006", "District": "Pyapon", "TS_Pcode": "MMR017024", "Township": "Bogale", "Town_Pcode": "MMR017024701", "Town": "Bogale", "Town_MMR4": "\u1018\u102d\u102f\u1000\u101c\u1031\u1038", "Longitude": 95.3968, "Latitude": 16.295, "Level": "Main Town", "Source": "GAD, Mar 2015", "Remark": ""}}, {"type": "Feature", "id": "mmr_pplp1_mimu250k.312", "geometry": {"type": "Point", "coordinates": [95.39179, 21.45745]}, "geometry_name": "the_geom", "properties": {"SD_Pcode": "MMR010", "State_Divi": "Mandalay", "D_Pcode": "MMR010D004", "District": "Myingyan", "TS_Pcode": "MMR010017", "Township": "Myingyan", "Town_Pcode": "MMR010017701", "Town": "Myingyan", "Town_MMR4": "\u1019\u103c\u1004\u103a\u1038\u1001\u103c\u1036", "Longitude": 95.39179, "Latitude": 21.45745, "Level": "District Capital", "Source": "GAD, Mar 2015", "Remark": ""}}, {"type": "Feature", "id": "mmr_pplp1_mimu250k.313", "geometry": {"type": "Point", "coordinates": [95.38459, 18.84968]}, "geometry_name": "the_geom", "properties": {"SD_Pcode": "MMR008", "State_Divi": "Bago (West)", "D_Pcode": "MMR008D001", "District": "Pyay", "TS_Pcode": "MMR008001", "Township": "Pyay", "Town_Pcode": "MMR008001702", "Town": "Paungdale", "Town_MMR4": "\u1015\u1031\u102b\u1004\u103a\u1038\u1010\u101c\u100a\u103a", "Longitude": 95.38459, "Latitude": 18.84968, "Level": "Other Town", "Source": "GAD, Mar 2015", "Remark": ""}}, {"type": "Feature", "id": "mmr_pplp1_mimu250k.314", "geometry": {"type": "Point", "coordinates": [95.38136510922922, 18.2156600255193]}, "geometry_name": "the_geom", "properties": {"SD_Pcode": "MMR017", "State_Divi": "Ayeyarwady", "D_Pcode": "MMR017D002", "District": "Hinthada", "TS_Pcode": "MMR017011", "Township": "Myanaung", "Town_Pcode": "MMR017011702", "Town": "Kanaung", "Town_MMR4": "\u1000\u1014\u1031\u102c\u1004\u103a", "Longitude": 95.38136510922922, "Latitude": 18.2156600255193, "Level": "Other Town", "Source": "GAD, Mar 2015", "Remark": ""}}, {"type": "Feature", "id": "mmr_pplp1_mimu250k.315", "geometry": {"type": "Point", "coordinates": [95.37361, 22.94407]}, "geometry_name": "the_geom", "properties": {"SD_Pcode": "MMR005", "State_Divi": "Sagaing", "D_Pcode": "MMR005D002", "District": "Shwebo", "TS_Pcode": "MMR005011", "Township": "Taze", "Town_Pcode": "MMR005011701", "Town": "Taze", "Town_MMR4": "\u1010\u1014\u103a\u1037\u1006\u100a\u103a", "Longitude": 95.37361, "Latitude": 22.94407, "Level": "Main Town", "Source": "GAD, Mar 2015", "Remark": ""}}, {"type": "Feature", "id": "mmr_pplp1_mimu250k.316", "geometry": {"type": "Point", "coordinates": [95.37026, 24.08089]}, "geometry_name": "the_geom", "properties": {"SD_Pcode": "MMR005", "State_Divi": "Sagaing", "D_Pcode": "MMR005D011", "District": "Kawlin", "TS_Pcode": "MMR005026", "Township": "Pinlebu", "Town_Pcode": "MMR005026701", "Town": "Pinlebu", "Town_MMR4": "\u1015\u1004\u103a\u101c\u100a\u103a\u1018\u1030\u1038", "Longitude": 95.37026, "Latitude": 24.08089, "Level": "Main Town", "Source": "GAD, Mar 2015", "Remark": ""}}, {"type": "Feature", "id": "mmr_pplp1_mimu250k.317", "geometry": {"type": "Point", "coordinates": [95.34904, 18.52806]}, "geometry_name": "the_geom", "properties": {"SD_Pcode": "MMR008", "State_Divi": "Bago (West)", "D_Pcode": "MMR008D001", "District": "Pyay", "TS_Pcode": "MMR008005", "Township": "Thegon", "Town_Pcode": "MMR008005703", "Town": "Inn Ma", "Town_MMR4": "\u1021\u1004\u103a\u1038\u1019", "Longitude": 95.34904, "Latitude": 18.52806, "Level": "Other Town", "Source": "GAD, Feb 2016", "Remark": "New Town, GAD Feb 2016 (order no. 301/2016)"}}, {"type": "Feature", "id": "mmr_pplp1_mimu250k.318", "geometry": {"type": "Point", "coordinates": [95.33365, 17.34855]}, "geometry_name": "the_geom", "properties": {"SD_Pcode": "MMR017", "State_Divi": "Ayeyarwady", "D_Pcode": "MMR017D001", "District": "Pathein", "TS_Pcode": "MMR017005", "Township": "Kyonpyaw", "Town_Pcode": "MMR017005702", "Town": "Ahtaung", "Town_MMR4": "\u1021\u1011\u1031\u102c\u1004\u103a", "Longitude": 95.33365, "Latitude": 17.34855, "Level": "Other Town", "Source": "GAD, Mar 2015", "Remark": ""}}, {"type": "Feature", "id": "mmr_pplp1_mimu250k.319", "geometry": {"type": "Point", "coordinates": [95.32121, 22.68529]}, "geometry_name": "the_geom", "properties": {"SD_Pcode": "MMR005", "State_Divi": "Sagaing", "D_Pcode": "MMR005D002", "District": "Shwebo", "TS_Pcode": "MMR005010", "Township": "Tabayin", "Town_Pcode": "MMR005010701", "Town": "Tabayin", "Town_MMR4": "\u1012\u102e\u1015\u1032\u101a\u1004\u103a\u1038", "Longitude": 95.32121, "Latitude": 22.68529, "Level": "Main Town", "Source": "GAD, Mar 2015", "Remark": ""}}, {"type": "Feature", "id": "mmr_pplp1_mimu250k.320", "geometry": {"type": "Point", "coordinates": [95.31779, 18.28696]}, "geometry_name": "the_geom", "properties": {"SD_Pcode": "MMR017", "State_Divi": "Ayeyarwady", "D_Pcode": "MMR017D002", "District": "Hinthada", "TS_Pcode": "MMR017011", "Township": "Myanaung", "Town_Pcode": "MMR017011701", "Town": "Myanaung", "Town_MMR4": "\u1019\u103c\u1014\u103a\u1021\u1031\u102c\u1004\u103a", "Longitude": 95.31779, "Latitude": 18.28696, "Level": "Main Town", "Source": "GAD, Mar 2015", "Remark": ""}}, {"type": "Feature", "id": "mmr_pplp1_mimu250k.321", "geometry": {"type": "Point", "coordinates": [95.29017, 15.7994]}, "geometry_name": "the_geom", "properties": {"SD_Pcode": "MMR017", "State_Divi": "Ayeyarwady", "D_Pcode": "MMR017D006", "District": "Pyapon", "TS_Pcode": "MMR017023", "Township": "Pyapon", "Town_Pcode": "MMR017023702", "Town": "Ahmar", "Town_MMR4": "\u1021\u1019\u102c", "Longitude": 95.29017, "Latitude": 15.7994, "Level": "Other Town", "Source": "GAD, Mar 2015", "Remark": ""}}, {"type": "Feature", "id": "mmr_pplp1_mimu250k.322", "geometry": {"type": "Point", "coordinates": [95.27363, 21.95693]}, "geometry_name": "the_geom", "properties": {"SD_Pcode": "MMR005", "State_Divi": "Sagaing", "D_Pcode": "MMR005D003", "District": "Monywa", "TS_Pcode": "MMR005015", "Township": "Chaung-U", "Town_Pcode": "MMR005015701", "Town": "Chaung-U", "Town_MMR4": "\u1001\u103b\u1031\u102c\u1004\u103a\u1038\u1026\u1038", "Longitude": 95.27363, "Latitude": 21.95693, "Level": "Main Town", "Source": "GAD, Mar 2015", "Remark": ""}}, {"type": "Feature", "id": "mmr_pplp1_mimu250k.323", "geometry": {"type": "Point", "coordinates": [95.26926, 17.80981]}, "geometry_name": "the_geom", "properties": {"SD_Pcode": "MMR017", "State_Divi": "Ayeyarwady", "D_Pcode": "MMR017D002", "District": "Hinthada", "TS_Pcode": "MMR017013", "Township": "Ingapu", "Town_Pcode": "MMR017013701", "Town": "Ingapu", "Town_MMR4": "\u1021\u1004\u103a\u1039\u1002\u1015\u1030", "Longitude": 95.26926, "Latitude": 17.80981, "Level": "Main Town", "Source": "GAD, Mar 2015", "Remark": ""}}, {"type": "Feature", "id": "mmr_pplp1_mimu250k.324", "geometry": {"type": "Point", "coordinates": [95.26298, 16.37894]}, "geometry_name": "the_geom", "properties": {"SD_Pcode": "MMR017", "State_Divi": "Ayeyarwady", "D_Pcode": "MMR017D004", "District": "Labutta", "TS_Pcode": "MMR017018", "Township": "Mawlamyinegyun", "Town_Pcode": "MMR017018701", "Town": "Mawlamyinegyun", "Town_MMR4": "\u1019\u1031\u102c\u103a\u101c\u1019\u103c\u102d\u102f\u1004\u103a\u1000\u103b\u103d\u1014\u103a\u1038", "Longitude": 95.26298, "Latitude": 16.37894, "Level": "Main Town", "Source": "GAD, Mar 2015", "Remark": ""}}, {"type": "Feature", "id": "mmr_pplp1_mimu250k.325", "geometry": {"type": "Point", "coordinates": [95.26073, 17.97132]}, "geometry_name": "the_geom", "properties": {"SD_Pcode": "MMR017", "State_Divi": "Ayeyarwady", "D_Pcode": "MMR017D002", "District": "Hinthada", "TS_Pcode": "MMR017013", "Township": "Ingapu", "Town_Pcode": "MMR017013702", "Town": "Htoogyi", "Town_MMR4": "\u1011\u1030\u1038\u1000\u103c\u102e\u1038", "Longitude": 95.26073, "Latitude": 17.971319999999995, "Level": "Other Town", "Source": "GAD, Mar 2015", "Remark": ""}}, {"type": "Feature", "id": "mmr_pplp1_mimu250k.326", "geometry": {"type": "Point", "coordinates": [95.24530057533892, 21.63387830298105]}, "geometry_name": "the_geom", "properties": {"SD_Pcode": "MMR009", "State_Divi": "Magway", "D_Pcode": "MMR009D004", "District": "Pakokku", "TS_Pcode": "MMR009019", "Township": "Yesagyo", "Town_Pcode": "MMR009019701", "Town": "Yesagyo", "Town_MMR4": "\u101b\u1031\u1005\u1000\u103c\u102d\u102f", "Longitude": 95.24530057533892, "Latitude": 21.63387830298105, "Level": "Main Town", "Source": "GAD, Mar 2015", "Remark": ""}}, {"type": "Feature", "id": "mmr_pplp1_mimu250k.327", "geometry": {"type": "Point", "coordinates": [95.24148, 25.96589]}, "geometry_name": "the_geom", "properties": {"SD_Pcode": "MMR005", "State_Divi": "Sagaing", "D_Pcode": "MMR005S001", "District": "Naga Self-Administered Zone", "TS_Pcode": "MMR005036", "Township": "Lahe", "Town_Pcode": "MMR005036702", "Town": "Htan Par Kway", "Town_MMR4": "\u1011\u1014\u103a\u1015\u102b\u1001\u103d\u1031", "Longitude": 95.24148, "Latitude": 25.96589, "Level": "Other Town", "Source": "GAD, Mar 2015", "Remark": ""}}, {"type": "Feature", "id": "mmr_pplp1_mimu250k.328", "geometry": {"type": "Point", "coordinates": [95.23914, 18.34035]}, "geometry_name": "the_geom", "properties": {"SD_Pcode": "MMR017", "State_Divi": "Ayeyarwady", "D_Pcode": "MMR017D002", "District": "Hinthada", "TS_Pcode": "MMR017012", "Township": "Kyangin", "Town_Pcode": "MMR017012701", "Town": "Kyangin", "Town_MMR4": "\u1000\u103c\u1036\u1001\u1004\u103a\u1038", "Longitude": 95.23914, "Latitude": 18.34035, "Level": "Main Town", "Source": "GAD, Mar 2015", "Remark": ""}}, {"type": "Feature", "id": "mmr_pplp1_mimu250k.329", "geometry": {"type": "Point", "coordinates": [95.22103, 18.82151]}, "geometry_name": "the_geom", "properties": {"SD_Pcode": "MMR008", "State_Divi": "Bago (West)", "D_Pcode": "MMR008D001", "District": "Pyay", "TS_Pcode": "MMR008001", "Township": "Pyay", "Town_Pcode": "MMR008001701", "Town": "Pyay", "Town_MMR4": "\u1015\u103c\u100a\u103a", "Longitude": 95.22103, "Latitude": 18.82151, "Level": "District Capital", "Source": "GAD, Mar 2015", "Remark": ""}}, {"type": "Feature", "id": "mmr_pplp1_mimu250k.330", "geometry": {"type": "Point", "coordinates": [95.21684, 19.35855]}, "geometry_name": "the_geom", "properties": {"SD_Pcode": "MMR009", "State_Divi": "Magway", "D_Pcode": "MMR009D003", "District": "Thayet", "TS_Pcode": "MMR009016", "Township": "Aunglan", "Town_Pcode": "MMR009016701", "Town": "Aunglan", "Town_MMR4": "\u1021\u1031\u102c\u1004\u103a\u101c\u1036", "Longitude": 95.21684, "Latitude": 19.35855, "Level": "Main Town", "Source": "GAD, Mar 2015", "Remark": ""}}, {"type": "Feature", "id": "mmr_pplp1_mimu250k.331", "geometry": {"type": "Point", "coordinates": [95.21404, 18.7051]}, "geometry_name": "the_geom", "properties": {"SD_Pcode": "MMR008", "State_Divi": "Bago (West)", "D_Pcode": "MMR008D001", "District": "Pyay", "TS_Pcode": "MMR008006", "Township": "Shwedaung", "Town_Pcode": "MMR008006701", "Town": "Shwedaung", "Town_MMR4": "\u101b\u103d\u103e\u1031\u1010\u1031\u102c\u1004\u103a", "Longitude": 95.21404, "Latitude": 18.7051, "Level": "Main Town", "Source": "GAD, Mar 2015", "Remark": ""}}, {"type": "Feature", "id": "mmr_pplp1_mimu250k.332", "geometry": {"type": "Point", "coordinates": [95.2, 17.3]}, "geometry_name": "the_geom", "properties": {"SD_Pcode": "MMR017", "State_Divi": "Ayeyarwady", "D_Pcode": "MMR017D001", "District": "Pathein", "TS_Pcode": "MMR017005", "Township": "Kyonpyaw", "Town_Pcode": "MMR017005701", "Town": "Kyonpyaw", "Town_MMR4": "\u1000\u103b\u102f\u1036\u1015\u103b\u1031\u102c\u103a", "Longitude": 95.2, "Latitude": 17.3, "Level": "Main Town", "Source": "GAD, Mar 2015", "Remark": ""}}, {"type": "Feature", "id": "mmr_pplp1_mimu250k.333", "geometry": {"type": "Point", "coordinates": [95.1904, 17.10768]}, "geometry_name": "the_geom", "properties": {"SD_Pcode": "MMR017", "State_Divi": "Ayeyarwady", "D_Pcode": "MMR017D001", "District": "Pathein", "TS_Pcode": "MMR017007", "Township": "Kyaunggon", "Town_Pcode": "MMR017007701", "Town": "Kyaunggon", "Town_MMR4": "\u1000\u103b\u1031\u102c\u1004\u103a\u1038\u1000\u102f\u1014\u103a\u1038", "Longitude": 95.1904, "Latitude": 17.10768, "Level": "Main Town", "Source": "GAD, Mar 2015", "Remark": ""}}, {"type": "Feature", "id": "mmr_pplp1_mimu250k.334", "geometry": {"type": "Point", "coordinates": [95.1805, 16.8962]}, "geometry_name": "the_geom", "properties": {"SD_Pcode": "MMR017", "State_Divi": "Ayeyarwady", "D_Pcode": "MMR017D003", "District": "Myaungmya", "TS_Pcode": "MMR017015", "Township": "Einme", "Town_Pcode": "MMR017015701", "Town": "Einme", "Town_MMR4": "\u1021\u102d\u1019\u103a\u1019\u1032", "Longitude": 95.1805, "Latitude": 16.8962, "Level": "Main Town", "Source": "GAD, Mar 2015", "Remark": ""}}, {"type": "Feature", "id": "mmr_pplp1_mimu250k.335", "geometry": {"type": "Point", "coordinates": [95.18041, 16.60383]}, "geometry_name": "the_geom", "properties": {"SD_Pcode": "MMR017", "State_Divi": "Ayeyarwady", "D_Pcode": "MMR017D003", "District": "Myaungmya", "TS_Pcode": "MMR017017", "Township": "Wakema", "Town_Pcode": "MMR017017701", "Town": "Wakema", "Town_MMR4": "\u101d\u102b\u1038\u1001\u101a\u103a\u1019", "Longitude": 95.18041, "Latitude": 16.60383, "Level": "Main Town", "Source": "GAD, Mar 2015", "Remark": ""}}, {"type": "Feature", "id": "mmr_pplp1_mimu250k.336", "geometry": {"type": "Point", "coordinates": [95.17716, 19.3215]}, "geometry_name": "the_geom", "properties": {"SD_Pcode": "MMR009", "State_Divi": "Magway", "D_Pcode": "MMR009D003", "District": "Thayet", "TS_Pcode": "MMR009012", "Township": "Thayet", "Town_Pcode": "MMR009012701", "Town": "Thayet", "Town_MMR4": "\u101e\u101b\u1000\u103a", "Longitude": 95.17716, "Latitude": 19.3215, "Level": "District Capital", "Source": "GAD, Mar 2015", "Remark": ""}}, {"type": "Feature", "id": "mmr_pplp1_mimu250k.337", "geometry": {"type": "Point", "coordinates": [95.17454, 17.60038]}, "geometry_name": "the_geom", "properties": {"SD_Pcode": "MMR017", "State_Divi": "Ayeyarwady", "D_Pcode": "MMR017D002", "District": "Hinthada", "TS_Pcode": "MMR017010", "Township": "Lemyethna", "Town_Pcode": "MMR017010701", "Town": "Lemyethna", "Town_MMR4": "\u101c\u1031\u1038\u1019\u103b\u1000\u103a\u1014\u103e\u102c", "Longitude": 95.17454, "Latitude": 17.60038, "Level": "Main Town", "Source": "GAD, Mar 2015", "Remark": ""}}, {"type": "Feature", "id": "mmr_pplp1_mimu250k.338", "geometry": {"type": "Point", "coordinates": [95.16185986312537, 19.722919863125366]}, "geometry_name": "the_geom", "properties": {"SD_Pcode": "MMR009", "State_Divi": "Magway", "D_Pcode": "MMR009D003", "District": "Thayet", "TS_Pcode": "MMR009017", "Township": "Sinbaungwe", "Town_Pcode": "MMR009017701", "Town": "Sinbaungwe", "Town_MMR4": "\u1006\u1004\u103a\u1015\u1031\u102b\u1004\u103a\u101d\u1032", "Longitude": 95.16185986312537, "Latitude": 19.722919863125366, "Level": "Main Town", "Source": "GAD, Mar 2015", "Remark": ""}}, {"type": "Feature", "id": "mmr_pplp1_mimu250k.339", "geometry": {"type": "Point", "coordinates": [95.15353, 18.71797]}, "geometry_name": "the_geom", "properties": {"SD_Pcode": "MMR008", "State_Divi": "Bago (West)", "D_Pcode": "MMR008D001", "District": "Pyay", "TS_Pcode": "MMR008003", "Township": "Padaung", "Town_Pcode": "MMR008003701", "Town": "Padaung", "Town_MMR4": "\u1015\u1014\u103a\u1038\u1010\u1031\u102c\u1004\u103a\u1038", "Longitude": 95.15353, "Latitude": 18.71797, "Level": "Main Town", "Source": "GAD, Mar 2015", "Remark": ""}}, {"type": "Feature", "id": "mmr_pplp1_mimu250k.340", "geometry": {"type": "Point", "coordinates": [95.14857, 22.38918]}, "geometry_name": "the_geom", "properties": {"SD_Pcode": "MMR005", "State_Divi": "Sagaing", "D_Pcode": "MMR005D003", "District": "Monywa", "TS_Pcode": "MMR005013", "Township": "Budalin", "Town_Pcode": "MMR005013701", "Town": "Budalin", "Town_MMR4": "\u1018\u102f\u1010\u101c\u1004\u103a", "Longitude": 95.14857, "Latitude": 22.38918, "Level": "Main Town", "Source": "GAD, Mar 2015", "Remark": ""}}, {"type": "Feature", "id": "mmr_pplp1_mimu250k.341", "geometry": {"type": "Point", "coordinates": [95.14703, 18.30044]}, "geometry_name": "the_geom", "properties": {"SD_Pcode": "MMR017", "State_Divi": "Ayeyarwady", "D_Pcode": "MMR017D002", "District": "Hinthada", "TS_Pcode": "MMR017012", "Township": "Kyangin", "Town_Pcode": "MMR017012702", "Town": "Batye", "Town_MMR4": "\u1018\u1000\u103a\u101b\u1032", "Longitude": 95.14703, "Latitude": 18.30044, "Level": "Other Town", "Source": "GAD, Mar 2015", "Remark": ""}}, {"type": "Feature", "id": "mmr_pplp1_mimu250k.342", "geometry": {"type": "Point", "coordinates": [95.13963, 22.12168]}, "geometry_name": "the_geom", "properties": {"SD_Pcode": "MMR005", "State_Divi": "Sagaing", "D_Pcode": "MMR005D003", "District": "Monywa", "TS_Pcode": "MMR005012", "Township": "Monywa", "Town_Pcode": "MMR005012701", "Town": "Monywa", "Town_MMR4": "\u1019\u102f\u1036\u101b\u103d\u102c", "Longitude": 95.13963, "Latitude": 22.12168, "Level": "State/Region Capital", "Source": "GAD, Mar 2015", "Remark": ""}}, {"type": "Feature", "id": "mmr_pplp1_mimu250k.343", "geometry": {"type": "Point", "coordinates": [95.13772, 21.15058]}, "geometry_name": "the_geom", "properties": {"SD_Pcode": "MMR010", "State_Divi": "Mandalay", "D_Pcode": "MMR010D005", "District": "Nyaung-U", "TS_Pcode": "MMR010022", "Township": "Nyaung-U", "Town_Pcode": "MMR010022703", "Town": "Ngathayauk", "Town_MMR4": "\u1004\u102b\u1037\u101e\u101b\u1031\u102c\u1000\u103a", "Longitude": 95.13772, "Latitude": 21.15058, "Level": "Other Town", "Source": "GAD, Mar 2015", "Remark": ""}}, {"type": "Feature", "id": "mmr_pplp1_mimu250k.344", "geometry": {"type": "Point", "coordinates": [95.13218, 20.84248]}, "geometry_name": "the_geom", "properties": {"SD_Pcode": "MMR010", "State_Divi": "Mandalay", "D_Pcode": "MMR010D005", "District": "Nyaung-U", "TS_Pcode": "MMR010020", "Township": "Kyaukpadaung", "Town_Pcode": "MMR010020701", "Town": "Kyaukpadaung", "Town_MMR4": "\u1000\u103b\u1031\u102c\u1000\u103a\u1015\u1014\u103a\u1038\u1010\u1031\u102c\u1004\u103a\u1038", "Longitude": 95.13218, "Latitude": 20.842480000000002, "Level": "Main Town", "Source": "GAD, Mar 2015", "Remark": ""}}, {"type": "Feature", "id": "mmr_pplp1_mimu250k.345", "geometry": {"type": "Point", "coordinates": [95.13190321831839, 16.438034711412584]}, "geometry_name": "the_geom", "properties": {"SD_Pcode": "MMR017", "State_Divi": "Ayeyarwady", "D_Pcode": "MMR017D003", "District": "Myaungmya", "TS_Pcode": "MMR017017", "Township": "Wakema", "Town_Pcode": "MMR017017702", "Town": "Kyonmangae", "Town_MMR4": "\u1000\u103b\u102f\u1036\u1019\u1004\u1031\u1038", "Longitude": 95.13190321831839, "Latitude": 16.438034711412584, "Level": "Other Town", "Source": "GAD, Mar 2015", "Remark": ""}}, {"type": "Feature", "id": "mmr_pplp1_mimu250k.346", "geometry": {"type": "Point", "coordinates": [95.12067, 17.34456]}, "geometry_name": "the_geom", "properties": {"SD_Pcode": "MMR017", "State_Divi": "Ayeyarwady", "D_Pcode": "MMR017D001", "District": "Pathein", "TS_Pcode": "MMR017006", "Township": "Yegyi", "Town_Pcode": "MMR017006701", "Town": "Yegyi", "Town_MMR4": "\u101b\u1031\u1000\u103c\u100a\u103a", "Longitude": 95.12067, "Latitude": 17.34456, "Level": "Main Town", "Source": "GAD, Mar 2015", "Remark": ""}}, {"type": "Feature", "id": "mmr_pplp1_mimu250k.347", "geometry": {"type": "Point", "coordinates": [95.09594, 19.02897]}, "geometry_name": "the_geom", "properties": {"SD_Pcode": "MMR009", "State_Divi": "Magway", "D_Pcode": "MMR009D003", "District": "Thayet", "TS_Pcode": "MMR009015", "Township": "Kamma", "Town_Pcode": "MMR009015701", "Town": "Kamma", "Town_MMR4": "\u1000\u1036\u1019", "Longitude": 95.09594, "Latitude": 19.02897, "Level": "Main Town", "Source": "GAD, Mar 2015", "Remark": ""}}, {"type": "Feature", "id": "mmr_pplp1_mimu250k.348", "geometry": {"type": "Point", "coordinates": [95.0826935653, 21.9736313111]}, "geometry_name": "the_geom", "properties": {"SD_Pcode": "MMR005", "State_Divi": "Sagaing", "D_Pcode": "MMR005D009", "District": "Yinmarbin", "TS_Pcode": "MMR005018", "Township": "Salingyi", "Town_Pcode": "MMR005018701", "Town": "Salingyi", "Town_MMR4": "\u1006\u102c\u1038\u101c\u1004\u103a\u1038\u1000\u103c\u102e\u1038", "Longitude": 95.0826935653, "Latitude": 21.9736313111, "Level": "Main Town", "Source": "GAD, Mar 2015", "Remark": ""}}, {"type": "Feature", "id": "mmr_pplp1_mimu250k.349", "geometry": {"type": "Point", "coordinates": [95.08331, 17.19974]}, "geometry_name": "the_geom", "properties": {"SD_Pcode": "MMR017", "State_Divi": "Ayeyarwady", "D_Pcode": "MMR017D001", "District": "Pathein", "TS_Pcode": "MMR017006", "Township": "Yegyi", "Town_Pcode": "MMR017006703", "Town": "Ahthoke", "Town_MMR4": "\u1021\u101e\u102f\u1010\u103a", "Longitude": 95.08331, "Latitude": 17.19974, "Level": "Other Town", "Source": "GAD, Mar 2015", "Remark": ""}}, {"type": "Feature", "id": "mmr_pplp1_mimu250k.350", "geometry": {"type": "Point", "coordinates": [95.08227, 21.335]}, "geometry_name": "the_geom", "properties": {"SD_Pcode": "MMR009", "State_Divi": "Magway", "D_Pcode": "MMR009D004", "District": "Pakokku", "TS_Pcode": "MMR009018", "Township": "Pakokku", "Town_Pcode": "MMR009018701", "Town": "Pakokku", "Town_MMR4": "\u1015\u1001\u102f\u1000\u1039\u1000\u1030", "Longitude": 95.08227, "Latitude": 21.335, "Level": "District Capital", "Source": "GAD, Mar 2015", "Remark": ""}}, {"type": "Feature", "id": "mmr_pplp1_mimu250k.351", "geometry": {"type": "Point", "coordinates": [95.07731, 17.39927]}, "geometry_name": "the_geom", "properties": {"SD_Pcode": "MMR017", "State_Divi": "Ayeyarwady", "D_Pcode": "MMR017D001", "District": "Pathein", "TS_Pcode": "MMR017006", "Township": "Yegyi", "Town_Pcode": "MMR017006702", "Town": "Ngathaingchaung", "Town_MMR4": "\u1004\u101e\u102d\u102f\u1004\u103a\u1038\u1001\u103b\u1031\u102c\u1004\u103a\u1038", "Longitude": 95.07731, "Latitude": 17.39927, "Level": "Other Town", "Source": "GAD, Mar 2015", "Remark": ""}}, {"type": "Feature", "id": "mmr_pplp1_mimu250k.352", "geometry": {"type": "Point", "coordinates": [95.0367, 19.96559]}, "geometry_name": "the_geom", "properties": {"SD_Pcode": "MMR009", "State_Divi": "Magway", "D_Pcode": "MMR009D003", "District": "Thayet", "TS_Pcode": "MMR009013", "Township": "Minhla", "Town_Pcode": "MMR009013701", "Town": "Minhla", "Town_MMR4": "\u1019\u1004\u103a\u1038\u101c\u103e", "Longitude": 95.0367, "Latitude": 19.96559, "Level": "Main Town", "Source": "GAD, Mar 2015", "Remark": ""}}, {"type": "Feature", "id": "mmr_pplp1_mimu250k.353", "geometry": {"type": "Point", "coordinates": [95.01383, 18.68519]}, "geometry_name": "the_geom", "properties": {"SD_Pcode": "MMR008", "State_Divi": "Bago (West)", "D_Pcode": "MMR008D001", "District": "Pyay", "TS_Pcode": "MMR008003", "Township": "Padaung", "Town_Pcode": "MMR008003702", "Town": "Oakshitpin", "Town_MMR4": "\u1025\u101b\u103e\u1005\u103a\u1015\u1004\u103a", "Longitude": 95.01383, "Latitude": 18.68519, "Level": "Other Town", "Source": "GAD, Mar 2015", "Remark": ""}}, {"type": "Feature", "id": "mmr_pplp1_mimu250k.354", "geometry": {"type": "Point", "coordinates": [94.9566298391, 25.4470566373]}, "geometry_name": "the_geom", "properties": {"SD_Pcode": "MMR005", "State_Divi": "Sagaing", "D_Pcode": "MMR005S001", "District": "Naga Self-Administered Zone", "TS_Pcode": "MMR005035", "Township": "Lay Shi", "Town_Pcode": "MMR005035701", "Town": "Lay Shi", "Town_MMR4": "\u101c\u1031\u101b\u103e\u102e\u1038", "Longitude": 94.9566298391, "Latitude": 25.4470566373, "Level": "Main Town", "Source": "GAD, Mar 2015", "Remark": ""}}, {"type": "Feature", "id": "mmr_pplp1_mimu250k.355", "geometry": {"type": "Point", "coordinates": [94.92977, 16.59926]}, "geometry_name": "the_geom", "properties": {"SD_Pcode": "MMR017", "State_Divi": "Ayeyarwady", "D_Pcode": "MMR017D003", "District": "Myaungmya", "TS_Pcode": "MMR017014", "Township": "Myaungmya", "Town_Pcode": "MMR017014701", "Town": "Myaungmya", "Town_MMR4": "\u1019\u103c\u1031\u102c\u1004\u103a\u1038\u1019\u103c", "Longitude": 94.92977, "Latitude": 16.59926, "Level": "District Capital", "Source": "GAD, Mar 2015", "Remark": ""}}, {"type": "Feature", "id": "mmr_pplp1_mimu250k.356", "geometry": {"type": "Point", "coordinates": [94.92696, 20.14027]}, "geometry_name": "the_geom", "properties": {"SD_Pcode": "MMR009", "State_Divi": "Magway", "D_Pcode": "MMR009D001", "District": "Magway", "TS_Pcode": "MMR009001", "Township": "Magway", "Town_Pcode": "MMR009001701", "Town": "Magway", "Town_MMR4": "\u1019\u1000\u103d\u1031\u1038", "Longitude": 94.92696, "Latitude": 20.14027, "Level": "State/Region Capital", "Source": "GAD, Mar 2015", "Remark": ""}}, {"type": "Feature", "id": "mmr_pplp1_mimu250k.357", "geometry": {"type": "Point", "coordinates": [94.91088, 24.8644]}, "geometry_name": "the_geom", "properties": {"SD_Pcode": "MMR005", "State_Divi": "Sagaing", "D_Pcode": "MMR005D008", "District": "Hkamti", "TS_Pcode": "MMR005034", "Township": "Homalin", "Town_Pcode": "MMR005034701", "Town": "Homalin", "Town_MMR4": "\u101f\u102f\u1019\u1039\u1019\u101c\u1004\u103a\u1038", "Longitude": 94.91088, "Latitude": 24.8644, "Level": "Main Town", "Source": "GAD, Mar 2015", "Remark": ""}}, {"type": "Feature", "id": "mmr_pplp1_mimu250k.358", "geometry": {"type": "Point", "coordinates": [94.91011, 21.19543]}, "geometry_name": "the_geom", "properties": {"SD_Pcode": "MMR010", "State_Divi": "Mandalay", "D_Pcode": "MMR010D005", "District": "Nyaung-U", "TS_Pcode": "MMR010022", "Township": "Nyaung-U", "Town_Pcode": "MMR010022701", "Town": "Nyaung-U", "Town_MMR4": "\u100a\u1031\u102c\u1004\u103a\u1026\u1038", "Longitude": 94.91011, "Latitude": 21.19543, "Level": "District Capital", "Source": "GAD, Mar 2015", "Remark": ""}}, {"type": "Feature", "id": "mmr_pplp1_mimu250k.359", "geometry": {"type": "Point", "coordinates": [94.90014, 22.07779]}, "geometry_name": "the_geom", "properties": {"SD_Pcode": "MMR005", "State_Divi": "Sagaing", "D_Pcode": "MMR005D009", "District": "Yinmarbin", "TS_Pcode": "MMR005016", "Township": "Yinmarbin", "Town_Pcode": "MMR005016701", "Town": "Yinmarbin", "Town_MMR4": "\u101a\u1004\u103a\u1038\u1019\u102c\u1015\u1004\u103a", "Longitude": 94.90013999999998, "Latitude": 22.07779, "Level": "District Capital", "Source": "GAD, Mar 2015", "Remark": ""}}, {"type": "Feature", "id": "mmr_pplp1_mimu250k.360", "geometry": {"type": "Point", "coordinates": [94.89476, 16.9329]}, "geometry_name": "the_geom", "properties": {"SD_Pcode": "MMR017", "State_Divi": "Ayeyarwady", "D_Pcode": "MMR017D001", "District": "Pathein", "TS_Pcode": "MMR017002", "Township": "Kangyidaunt", "Town_Pcode": "MMR017002701", "Town": "Kangyidaunt", "Town_MMR4": "\u1000\u1014\u103a\u1000\u103c\u102e\u1038\u1011\u1031\u102c\u1004\u103a\u1037", "Longitude": 94.89476, "Latitude": 16.9329, "Level": "Main Town", "Source": "GAD, Mar 2015", "Remark": ""}}, {"type": "Feature", "id": "mmr_pplp1_mimu250k.361", "geometry": {"type": "Point", "coordinates": [94.87518, 20.17161]}, "geometry_name": "the_geom", "properties": {"SD_Pcode": "MMR009", "State_Divi": "Magway", "D_Pcode": "MMR009D002", "District": "Minbu", "TS_Pcode": "MMR009007", "Township": "Minbu", "Town_Pcode": "MMR009007701", "Town": "Minbu", "Town_MMR4": "\u1019\u1004\u103a\u1038\u1018\u1030\u1038", "Longitude": 94.87518, "Latitude": 20.17161, "Level": "District Capital", "Source": "GAD, Mar 2015", "Remark": ""}}, {"type": "Feature", "id": "mmr_pplp1_mimu250k.362", "geometry": {"type": "Point", "coordinates": [94.87486, 21.93415]}, "geometry_name": "the_geom", "properties": {"SD_Pcode": "MMR005", "State_Divi": "Sagaing", "D_Pcode": "MMR005D009", "District": "Yinmarbin", "TS_Pcode": "MMR005019", "Township": "Pale", "Town_Pcode": "MMR005019701", "Town": "Pale", "Town_MMR4": "\u1015\u102f\u101c\u1032", "Longitude": 94.87486, "Latitude": 21.93415, "Level": "Main Town", "Source": "GAD, Mar 2015", "Remark": ""}}, {"type": "Feature", "id": "mmr_pplp1_mimu250k.363", "geometry": {"type": "Point", "coordinates": [94.8731, 20.45837]}, "geometry_name": "the_geom", "properties": {"SD_Pcode": "MMR009", "State_Divi": "Magway", "D_Pcode": "MMR009D001", "District": "Magway", "TS_Pcode": "MMR009002", "Township": "Yenangyaung", "Town_Pcode": "MMR009002701", "Town": "Yenangyaung", "Town_MMR4": "\u101b\u1031\u1014\u1036\u1001\u103b\u1031\u102c\u1004\u103a\u1038", "Longitude": 94.8731, "Latitude": 20.45837, "Level": "Main Town", "Source": "GAD, Mar 2015", "Remark": ""}}, {"type": "Feature", "id": "mmr_pplp1_mimu250k.364", "geometry": {"type": "Point", "coordinates": [94.86257, 21.13197]}, "geometry_name": "the_geom", "properties": {"SD_Pcode": "MMR010", "State_Divi": "Mandalay", "D_Pcode": "MMR010D005", "District": "Nyaung-U", "TS_Pcode": "MMR010022", "Township": "Nyaung-U", "Town_Pcode": "MMR010022702", "Town": "Bagan", "Town_MMR4": "\u1015\u102f\u1002\u1036", "Longitude": 94.86257, "Latitude": 21.13197, "Level": "Other Town", "Source": "GAD, Mar 2015", "Remark": ""}}, {"type": "Feature", "id": "mmr_pplp1_mimu250k.365", "geometry": {"type": "Point", "coordinates": [94.85432, 21.61256]}, "geometry_name": "the_geom", "properties": {"SD_Pcode": "MMR009", "State_Divi": "Magway", "D_Pcode": "MMR009D004", "District": "Pakokku", "TS_Pcode": "MMR009020", "Township": "Myaing", "Town_Pcode": "MMR009020701", "Town": "Myaing", "Town_MMR4": "\u1019\u103c\u102d\u102f\u1004\u103a", "Longitude": 94.85432, "Latitude": 21.61256, "Level": "Main Town", "Source": "GAD, Mar 2015", "Remark": ""}}, {"type": "Feature", "id": "mmr_pplp1_mimu250k.366", "geometry": {"type": "Point", "coordinates": [94.84847, 22.43291]}, "geometry_name": "the_geom", "properties": {"SD_Pcode": "MMR005", "State_Divi": "Sagaing", "D_Pcode": "MMR005D009", "District": "Yinmarbin", "TS_Pcode": "MMR005017", "Township": "Kani", "Town_Pcode": "MMR005017701", "Town": "Kani", "Town_MMR4": "\u1000\u1014\u102e", "Longitude": 94.84847, "Latitude": 22.43291, "Level": "Main Town", "Source": "GAD, Mar 2015", "Remark": ""}}, {"type": "Feature", "id": "mmr_pplp1_mimu250k.367", "geometry": {"type": "Point", "coordinates": [94.818294646793, 20.89097787341108]}, "geometry_name": "the_geom", "properties": {"SD_Pcode": "MMR009", "State_Divi": "Magway", "D_Pcode": "MMR009D001", "District": "Magway", "TS_Pcode": "MMR009003", "Township": "Chauk", "Town_Pcode": "MMR009003701", "Town": "Chauk", "Town_MMR4": "\u1001\u103b\u1031\u102c\u1000\u103a", "Longitude": 94.818294646793, "Latitude": 20.89097787341108, "Level": "Main Town", "Source": "GAD, Mar 2015", "Remark": ""}}, {"type": "Feature", "id": "mmr_pplp1_mimu250k.368", "geometry": {"type": "Point", "coordinates": [94.81686, 24.26768]}, "geometry_name": "the_geom", "properties": {"SD_Pcode": "MMR005", "State_Divi": "Sagaing", "D_Pcode": "MMR005D007", "District": "Mawlaik", "TS_Pcode": "MMR005032", "Township": "Paungbyin", "Town_Pcode": "MMR005032701", "Town": "Paungbyin", "Town_MMR4": "\u1016\u1031\u102c\u1004\u103a\u1038\u1015\u103c\u1004\u103a", "Longitude": 94.81686, "Latitude": 24.26768, "Level": "Main Town", "Source": "GAD, Mar 2015", "Remark": ""}}, {"type": "Feature", "id": "mmr_pplp1_mimu250k.369", "geometry": {"type": "Point", "coordinates": [94.81558, 21.38358]}, "geometry_name": "the_geom", "properties": {"SD_Pcode": "MMR009", "State_Divi": "Magway", "D_Pcode": "MMR009D004", "District": "Pakokku", "TS_Pcode": "MMR009018", "Township": "Pakokku", "Town_Pcode": "MMR009018702", "Town": "Kamma", "Town_MMR4": "\u1000\u1019\u1039\u1019", "Longitude": 94.81558, "Latitude": 21.38358, "Level": "Other Town", "Source": "GAD, Mar 2015", "Remark": ""}}, {"type": "Feature", "id": "mmr_pplp1_mimu250k.370", "geometry": {"type": "Point", "coordinates": [94.80943333217384, 15.826769768395042]}, "geometry_name": "the_geom", "properties": {"SD_Pcode": "MMR017", "State_Divi": "Ayeyarwady", "D_Pcode": "MMR017D004", "District": "Labutta", "TS_Pcode": "MMR017016", "Township": "Labutta", "Town_Pcode": "MMR017016702", "Town": "Pyinsalu", "Town_MMR4": "\u1015\u103c\u1004\u103a\u1005\u101c\u1030", "Longitude": 94.80943333217384, "Latitude": 15.826769768395042, "Level": "Other Town", "Source": "GAD, Mar 2015", "Remark": ""}}, {"type": "Feature", "id": "mmr_pplp1_mimu250k.371", "geometry": {"type": "Point", "coordinates": [94.80589, 17.04734]}, "geometry_name": "the_geom", "properties": {"SD_Pcode": "MMR017", "State_Divi": "Ayeyarwady", "D_Pcode": "MMR017D001", "District": "Pathein", "TS_Pcode": "MMR017003", "Township": "Thabaung", "Town_Pcode": "MMR017003701", "Town": "Thabaung", "Town_MMR4": "\u101e\u102c\u1015\u1031\u102b\u1004\u103a\u1038", "Longitude": 94.80589, "Latitude": 17.04734, "Level": "Main Town", "Source": "GAD, Mar 2015", "Remark": ""}}, {"type": "Feature", "id": "mmr_pplp1_mimu250k.372", "geometry": {"type": "Point", "coordinates": [94.79243, 20.90651]}, "geometry_name": "the_geom", "properties": {"SD_Pcode": "MMR009", "State_Divi": "Magway", "D_Pcode": "MMR009D004", "District": "Pakokku", "TS_Pcode": "MMR009022", "Township": "Seikphyu", "Town_Pcode": "MMR009022701", "Town": "Seikphyu", "Town_MMR4": "\u1006\u102d\u1015\u103a\u1016\u103c\u1030", "Longitude": 94.79243, "Latitude": 20.90651, "Level": "Main Town", "Source": "GAD, Mar 2015", "Remark": ""}}, {"type": "Feature", "id": "mmr_pplp1_mimu250k.373", "geometry": {"type": "Point", "coordinates": [94.9644979905, 25.0833955826]}, "geometry_name": "the_geom", "properties": {"SD_Pcode": "MMR005", "State_Divi": "Sagaing", "D_Pcode": "MMR005D008", "District": "Hkamti", "TS_Pcode": "MMR005034", "Township": "Homalin", "Town_Pcode": "MMR005034703", "Town": "Mo Waing Lut", "Town_MMR4": "\u1019\u102d\u102f\u101d\u102d\u102f\u1004\u103a\u1038\u101c\u103d\u1010\u103a", "Longitude": 94.9644979905, "Latitude": 25.0833955826, "Level": "Other Town", "Source": "GAD, Feb 2018", "Remark": "Name change GAD Feb 2018 (order no. 260/2018)"}}, {"type": "Feature", "id": "mmr_pplp1_mimu250k.374", "geometry": {"type": "Point", "coordinates": [94.78124, 16.19983]}, "geometry_name": "the_geom", "properties": {"SD_Pcode": "MMR017", "State_Divi": "Ayeyarwady", "D_Pcode": "MMR017D004", "District": "Labutta", "TS_Pcode": "MMR017016", "Township": "Labutta", "Town_Pcode": "MMR017016703", "Town": "Labutta (3) Mile", "Town_MMR4": "\u101c\u1015\u103d\u1010\u1039\u1010\u102c (\u1043) \u1019\u102d\u102f\u1004\u103a", "Longitude": 94.78124, "Latitude": 16.19983, "Level": "Other Town", "Source": "GAD, Mar 2016", "Remark": "New Town, GAD Mar 2016 (order no. 595/2016)"}}, {"type": "Feature", "id": "mmr_pplp1_mimu250k.375", "geometry": {"type": "Point", "coordinates": [94.76831, 20.22609]}, "geometry_name": "the_geom", "properties": {"SD_Pcode": "MMR009", "State_Divi": "Magway", "D_Pcode": "MMR009D002", "District": "Minbu", "TS_Pcode": "MMR009007", "Township": "Minbu", "Town_Pcode": "MMR009007702", "Town": "Saku", "Town_MMR4": "\u1005\u1000\u102f", "Longitude": 94.76831, "Latitude": 20.22609, "Level": "Other Town", "Source": "GAD, Mar 2015", "Remark": ""}}, {"type": "Feature", "id": "mmr_pplp1_mimu250k.376", "geometry": {"type": "Point", "coordinates": [94.75889, 16.14557]}, "geometry_name": "the_geom", "properties": {"SD_Pcode": "MMR017", "State_Divi": "Ayeyarwady", "D_Pcode": "MMR017D004", "District": "Labutta", "TS_Pcode": "MMR017016", "Township": "Labutta", "Town_Pcode": "MMR017016701", "Town": "Labutta", "Town_MMR4": "\u101c\u1015\u103d\u1010\u1039\u1010\u102c", "Longitude": 94.75889, "Latitude": 16.14557, "Level": "District Capital", "Source": "GAD, Mar 2015", "Remark": ""}}, {"type": "Feature", "id": "mmr_pplp1_mimu250k.377", "geometry": {"type": "Point", "coordinates": [94.73303, 16.77924]}, "geometry_name": "the_geom", "properties": {"SD_Pcode": "MMR017", "State_Divi": "Ayeyarwady", "D_Pcode": "MMR017D001", "District": "Pathein", "TS_Pcode": "MMR017001", "Township": "Pathein", "Town_Pcode": "MMR017001701", "Town": "Pathein", "Town_MMR4": "\u1015\u102f\u101e\u102d\u1019\u103a", "Longitude": 94.73303, "Latitude": 16.77924, "Level": "State/Region Capital", "Source": "GAD, Mar 2015", "Remark": ""}}, {"type": "Feature", "id": "mmr_pplp1_mimu250k.378", "geometry": {"type": "Point", "coordinates": [94.73233488443607, 19.35131067354448]}, "geometry_name": "the_geom", "properties": {"SD_Pcode": "MMR009", "State_Divi": "Magway", "D_Pcode": "MMR009D003", "District": "Thayet", "TS_Pcode": "MMR009014", "Township": "Mindon", "Town_Pcode": "MMR009014701", "Town": "Mindon", "Town_MMR4": "\u1019\u1004\u103a\u1038\u1010\u102f\u1014\u103a\u1038", "Longitude": 94.73233488443607, "Latitude": 19.35131067354448, "Level": "Main Town", "Source": "GAD, Mar 2015", "Remark": ""}}, {"type": "Feature", "id": "mmr_pplp1_mimu250k.379", "geometry": {"type": "Point", "coordinates": [94.731467741, 24.683435372]}, "geometry_name": "the_geom", "properties": {"SD_Pcode": "MMR005", "State_Divi": "Sagaing", "D_Pcode": "MMR005D008", "District": "Hkamti", "TS_Pcode": "MMR005034", "Township": "Homalin", "Town_Pcode": "MMR005034702", "Town": "Shwe Pyi Aye", "Town_MMR4": "\u101b\u103d\u103e\u1031\u1015\u103c\u100a\u103a\u1021\u1031\u1038", "Longitude": 94.731467741, "Latitude": 24.683435372, "Level": "Other Town", "Source": "GAD, Mar 2015", "Remark": ""}}, {"type": "Feature", "id": "mmr_pplp1_mimu250k.380", "geometry": {"type": "Point", "coordinates": [94.69224, 16.543101252755104]}, "geometry_name": "the_geom", "properties": {"SD_Pcode": "MMR017", "State_Divi": "Ayeyarwady", "D_Pcode": "MMR017D001", "District": "Pathein", "TS_Pcode": "MMR017004", "Township": "Ngapudaw", "Town_Pcode": "MMR017004701", "Town": "Ngapudaw", "Town_MMR4": "\u1004\u1015\u102f\u1010\u1031\u102c", "Longitude": 94.69224, "Latitude": 16.543101252755104, "Level": "Main Town", "Source": "GAD, Mar 2015", "Remark": ""}}, {"type": "Feature", "id": "mmr_pplp1_mimu250k.381", "geometry": {"type": "Point", "coordinates": [94.69290490894315, 20.664199686811223]}, "geometry_name": "the_geom", "properties": {"SD_Pcode": "MMR009", "State_Divi": "Magway", "D_Pcode": "MMR009D002", "District": "Minbu", "TS_Pcode": "MMR009010", "Township": "Salin", "Town_Pcode": "MMR009010702", "Town": "Sinphyukyun", "Town_MMR4": "\u1006\u1004\u103a\u1016\u103c\u1030\u1000\u103b\u103d\u1014\u103a\u1038", "Longitude": 94.69290490894315, "Latitude": 20.664199686811223, "Level": "Other Town", "Source": "GAD, Mar 2015", "Remark": ""}}, {"type": "Feature", "id": "mmr_pplp1_mimu250k.382", "geometry": {"type": "Point", "coordinates": [94.68729, 25.36455]}, "geometry_name": "the_geom", "properties": {"SD_Pcode": "MMR005", "State_Divi": "Sagaing", "D_Pcode": "MMR005S001", "District": "Naga Self-Administered Zone", "TS_Pcode": "MMR005035", "Township": "Lay Shi", "Town_Pcode": "MMR005035703", "Town": "Sum Ma Rar", "Town_MMR4": "\u1006\u103d\u1019\u1039\u1019\u101b\u102c", "Longitude": 94.68729, "Latitude": 25.36455, "Level": "Other Town", "Source": "GAD, Mar 2015", "Remark": ""}}, {"type": "Feature", "id": "mmr_pplp1_mimu250k.383", "geometry": {"type": "Point", "coordinates": [94.66933, 20.36334]}, "geometry_name": "the_geom", "properties": {"SD_Pcode": "MMR009", "State_Divi": "Magway", "D_Pcode": "MMR009D002", "District": "Minbu", "TS_Pcode": "MMR009008", "Township": "Pwintbyu", "Town_Pcode": "MMR009008701", "Town": "Pwintbyu", "Town_MMR4": "\u1015\u103d\u1004\u103a\u1037\u1016\u103c\u1030", "Longitude": 94.66933, "Latitude": 20.36334, "Level": "Main Town", "Source": "GAD, Mar 2015", "Remark": ""}}, {"type": "Feature", "id": "mmr_pplp1_mimu250k.384", "geometry": {"type": "Point", "coordinates": [94.65936, 20.5772]}, "geometry_name": "the_geom", "properties": {"SD_Pcode": "MMR009", "State_Divi": "Magway", "D_Pcode": "MMR009D002", "District": "Minbu", "TS_Pcode": "MMR009010", "Township": "Salin", "Town_Pcode": "MMR009010701", "Town": "Salin", "Town_MMR4": "\u1005\u101c\u1004\u103a\u1038", "Longitude": 94.65936, "Latitude": 20.5772, "Level": "Main Town", "Source": "GAD, Mar 2015", "Remark": ""}}, {"type": "Feature", "id": "mmr_pplp1_mimu250k.385", "geometry": {"type": "Point", "coordinates": [94.57996, 17.59369]}, "geometry_name": "the_geom", "properties": {"SD_Pcode": "MMR012", "State_Divi": "Rakhine", "D_Pcode": "MMR012D004", "District": "Thandwe", "TS_Pcode": "MMR012017", "Township": "Gwa", "Town_Pcode": "MMR012017701", "Town": "Gwa", "Town_MMR4": "\u1002\u103d", "Longitude": 94.57996, "Latitude": 17.59369, "Level": "Main Town", "Source": "GAD, Mar 2015", "Remark": ""}}, {"type": "Feature", "id": "mmr_pplp1_mimu250k.386", "geometry": {"type": "Point", "coordinates": [94.51857, 24.51539]}, "geometry_name": "the_geom", "properties": {"SD_Pcode": "MMR005", "State_Divi": "Sagaing", "D_Pcode": "MMR005D006", "District": "Tamu", "TS_Pcode": "MMR005030", "Township": "Tamu", "Town_Pcode": "MMR005030702", "Town": "Myothit", "Town_MMR4": "\u1019\u103c\u102d\u102f\u1037\u101e\u1005\u103a", "Longitude": 94.51857, "Latitude": 24.51539, "Level": "Other Town", "Source": "GAD, Mar 2015", "Remark": ""}}, {"type": "Feature", "id": "mmr_pplp1_mimu250k.387", "geometry": {"type": "Point", "coordinates": [94.4942, 22.87781]}, "geometry_name": "the_geom", "properties": {"SD_Pcode": "MMR005", "State_Divi": "Sagaing", "D_Pcode": "MMR005D005", "District": "Kale", "TS_Pcode": "MMR005029", "Township": "Mingin", "Town_Pcode": "MMR005029701", "Town": "Mingin", "Town_MMR4": "\u1019\u1004\u103a\u1038\u1000\u1004\u103a\u1038", "Longitude": 94.4942, "Latitude": 22.87781, "Level": "Main Town", "Source": "GAD, Mar 2015", "Remark": ""}}, {"type": "Feature", "id": "mmr_pplp1_mimu250k.388", "geometry": {"type": "Point", "coordinates": [94.49141, 18.00712]}, "geometry_name": "the_geom", "properties": {"SD_Pcode": "MMR012", "State_Divi": "Rakhine", "D_Pcode": "MMR012D004", "District": "Thandwe", "TS_Pcode": "MMR012017", "Township": "Gwa", "Town_Pcode": "MMR012017702", "Town": "Kyeintali", "Town_MMR4": "\u1000\u103b\u102d\u1014\u1039\u1010\u101c\u102e", "Longitude": 94.49141, "Latitude": 18.00712, "Level": "Other Town", "Source": "GAD, Mar 2015", "Remark": ""}}, {"type": "Feature", "id": "mmr_pplp1_mimu250k.389", "geometry": {"type": "Point", "coordinates": [94.47374, 21.45215]}, "geometry_name": "the_geom", "properties": {"SD_Pcode": "MMR009", "State_Divi": "Magway", "D_Pcode": "MMR009D004", "District": "Pakokku", "TS_Pcode": "MMR009021", "Township": "Pauk", "Town_Pcode": "MMR009021701", "Town": "Pauk", "Town_MMR4": "\u1015\u1031\u102b\u1000\u103a", "Longitude": 94.47374, "Latitude": 21.45215, "Level": "Main Town", "Source": "GAD, Mar 2015", "Remark": ""}}, {"type": "Feature", "id": "mmr_pplp1_mimu250k.390", "geometry": {"type": "Point", "coordinates": [94.46767, 20.07538]}, "geometry_name": "the_geom", "properties": {"SD_Pcode": "MMR009", "State_Divi": "Magway", "D_Pcode": "MMR009D002", "District": "Minbu", "TS_Pcode": "MMR009009", "Township": "Ngape", "Town_Pcode": "MMR009009701", "Town": "Ngape", "Town_MMR4": "\u1004\u1016\u1032", "Longitude": 94.46767, "Latitude": 20.07538, "Level": "Main Town", "Source": "GAD, Mar 2015", "Remark": ""}}, {"type": "Feature", "id": "mmr_pplp1_mimu250k.391", "geometry": {"type": "Point", "coordinates": [94.46133, 17.07674]}, "geometry_name": "the_geom", "properties": {"SD_Pcode": "MMR017", "State_Divi": "Ayeyarwady", "D_Pcode": "MMR017D001", "District": "Pathein", "TS_Pcode": "MMR017001", "Township": "Pathein", "Town_Pcode": "MMR017001702", "Town": "Shwethaungyan", "Town_MMR4": "\u101b\u103d\u103e\u1031\u101e\u1031\u102c\u1004\u103a\u101a\u1036", "Longitude": 94.46133, "Latitude": 17.07674, "Level": "Other Town", "Source": "GAD, Mar 2015", "Remark": ""}}, {"type": "Feature", "id": "mmr_pplp1_mimu250k.392", "geometry": {"type": "Point", "coordinates": [94.41201, 23.63512]}, "geometry_name": "the_geom", "properties": {"SD_Pcode": "MMR005", "State_Divi": "Sagaing", "D_Pcode": "MMR005D007", "District": "Mawlaik", "TS_Pcode": "MMR005031", "Township": "Mawlaik", "Town_Pcode": "MMR005031701", "Town": "Mawlaik", "Town_MMR4": "\u1019\u1031\u102c\u103a\u101c\u102d\u102f\u1000\u103a", "Longitude": 94.41201, "Latitude": 23.63512, "Level": "District Capital", "Source": "GAD, Mar 2015", "Remark": ""}}, {"type": "Feature", "id": "mmr_pplp1_mimu250k.393", "geometry": {"type": "Point", "coordinates": [94.38711, 16.86379]}, "geometry_name": "the_geom", "properties": {"SD_Pcode": "MMR017", "State_Divi": "Ayeyarwady", "D_Pcode": "MMR017D001", "District": "Pathein", "TS_Pcode": "MMR017001", "Township": "Pathein", "Town_Pcode": "MMR017001703", "Town": "Ngwesaung", "Town_MMR4": "\u1004\u103d\u1031\u1006\u1031\u102c\u1004\u103a", "Longitude": 94.38711, "Latitude": 16.86379, "Level": "Other Town", "Source": "GAD, Mar 2015", "Remark": ""}}, {"type": "Feature", "id": "mmr_pplp1_mimu250k.394", "geometry": {"type": "Point", "coordinates": [94.3677026, 18.4661997]}, "geometry_name": "the_geom", "properties": {"SD_Pcode": "MMR012", "State_Divi": "Rakhine", "D_Pcode": "MMR012D004", "District": "Thandwe", "TS_Pcode": "MMR012015", "Township": "Thandwe", "Town_Pcode": "MMR012015701", "Town": "Thandwe", "Town_MMR4": "\u101e\u1036\u1010\u103d\u1032", "Longitude": 94.3677026, "Latitude": 18.4661997, "Level": "District Capital", "Source": "GAD, Mar 2015", "Remark": ""}}, {"type": "Feature", "id": "mmr_pplp1_mimu250k.395", "geometry": {"type": "Point", "coordinates": [94.35789, 21.92737]}, "geometry_name": "the_geom", "properties": {"SD_Pcode": "MMR009", "State_Divi": "Magway", "D_Pcode": "MMR009D005", "District": "Gangaw", "TS_Pcode": "MMR009023", "Township": "Gangaw", "Town_Pcode": "MMR009023702", "Town": "Kyaw", "Town_MMR4": "\u1000\u103b\u1031\u102c", "Longitude": 94.35789, "Latitude": 21.92737, "Level": "Other Town", "Source": "GAD, Mar 2015", "Remark": ""}}, {"type": "Feature", "id": "mmr_pplp1_mimu250k.396", "geometry": {"type": "Point", "coordinates": [94.34411, 16.01602]}, "geometry_name": "the_geom", "properties": {"SD_Pcode": "MMR017", "State_Divi": "Ayeyarwady", "D_Pcode": "MMR017D001", "District": "Pathein", "TS_Pcode": "MMR017004", "Township": "Ngapudaw", "Town_Pcode": "MMR017004703", "Town": "Hainggyikyun", "Town_MMR4": "\u101f\u102d\u102f\u1004\u103a\u1038\u1000\u103c\u102e\u1038\u1000\u103b\u103d\u1014\u103a\u1038", "Longitude": 94.34411, "Latitude": 16.01602, "Level": "Other Town", "Source": "GAD, Mar 2015", "Remark": ""}}, {"type": "Feature", "id": "mmr_pplp1_mimu250k.397", "geometry": {"type": "Point", "coordinates": [94.3206, 18.43755]}, "geometry_name": "the_geom", "properties": {"SD_Pcode": "MMR012", "State_Divi": "Rakhine", "D_Pcode": "MMR012D004", "District": "Thandwe", "TS_Pcode": "MMR012015", "Township": "Thandwe", "Town_Pcode": "MMR012015702", "Town": "Ngapali", "Town_MMR4": "\u1004\u1015\u101c\u102e", "Longitude": 94.3206, "Latitude": 18.43755, "Level": "Other Town", "Source": "GAD, Mar 2015", "Remark": ""}}, {"type": "Feature", "id": "mmr_pplp1_mimu250k.398", "geometry": {"type": "Point", "coordinates": [94.31534, 24.21149]}, "geometry_name": "the_geom", "properties": {"SD_Pcode": "MMR005", "State_Divi": "Sagaing", "D_Pcode": "MMR005D006", "District": "Tamu", "TS_Pcode": "MMR005030", "Township": "Tamu", "Town_Pcode": "MMR005030701", "Town": "Tamu", "Town_MMR4": "\u1010\u1019\u1030\u1038", "Longitude": 94.31534, "Latitude": 24.21149, "Level": "District Capital", "Source": "GAD, Mar 2015", "Remark": ""}}, {"type": "Feature", "id": "mmr_pplp1_mimu250k.399", "geometry": {"type": "Point", "coordinates": [94.3019, 16.52089]}, "geometry_name": "the_geom", "properties": {"SD_Pcode": "MMR017", "State_Divi": "Ayeyarwady", "D_Pcode": "MMR017D001", "District": "Pathein", "TS_Pcode": "MMR017004", "Township": "Ngapudaw", "Town_Pcode": "MMR017004702", "Town": "Ngayokekaung", "Town_MMR4": "\u1004\u101b\u102f\u1010\u103a\u1000\u1031\u102c\u1004\u103a\u1038", "Longitude": 94.3019, "Latitude": 16.52089, "Level": "Other Town", "Source": "GAD, Mar 2015", "Remark": ""}}, {"type": "Feature", "id": "mmr_pplp1_mimu250k.400", "geometry": {"type": "Point", "coordinates": [94.30036, 23.1998]}, "geometry_name": "the_geom", "properties": {"SD_Pcode": "MMR005", "State_Divi": "Sagaing", "D_Pcode": "MMR005D005", "District": "Kale", "TS_Pcode": "MMR005028", "Township": "Kalewa", "Town_Pcode": "MMR005028701", "Town": "Kalewa", "Town_MMR4": "\u1000\u101c\u1031\u1038\u101d", "Longitude": 94.30036, "Latitude": 23.1998, "Level": "Main Town", "Source": "GAD, Mar 2015", "Remark": ""}}, {"type": "Feature", "id": "mmr_pplp1_mimu250k.401", "geometry": {"type": "Point", "coordinates": [94.24559, 20.4466]}, "geometry_name": "the_geom", "properties": {"SD_Pcode": "MMR009", "State_Divi": "Magway", "D_Pcode": "MMR009D002", "District": "Minbu", "TS_Pcode": "MMR009011", "Township": "Sidoktaya", "Town_Pcode": "MMR009011701", "Town": "Sidoktaya", "Town_MMR4": "\u1005\u1031\u1010\u102f\u1010\u1039\u1011\u101b\u102c", "Longitude": 94.24559, "Latitude": 20.4466, "Level": "Main Town", "Source": "GAD, Mar 2015", "Remark": ""}}, {"type": "Feature", "id": "mmr_pplp1_mimu250k.402", "geometry": {"type": "Point", "coordinates": [94.23972, 18.85353]}, "geometry_name": "the_geom", "properties": {"SD_Pcode": "MMR012", "State_Divi": "Rakhine", "D_Pcode": "MMR012D004", "District": "Thandwe", "TS_Pcode": "MMR012016", "Township": "Toungup", "Town_Pcode": "MMR012016701", "Town": "Toungup", "Town_MMR4": "\u1010\u1031\u102c\u1004\u103a\u1000\u102f\u1010\u103a", "Longitude": 94.23972, "Latitude": 18.853529999999996, "Level": "Main Town", "Source": "GAD, Mar 2015", "Remark": ""}}, {"type": "Feature", "id": "mmr_pplp1_mimu250k.403", "geometry": {"type": "Point", "coordinates": [94.15465821559766, 21.152237050225953]}, "geometry_name": "the_geom", "properties": {"SD_Pcode": "MMR009", "State_Divi": "Magway", "D_Pcode": "MMR009D005", "District": "Gangaw", "TS_Pcode": "MMR009025", "Township": "Saw", "Town_Pcode": "MMR009025701", "Town": "Saw", "Town_MMR4": "\u1006\u1031\u102c", "Longitude": 94.15465821559766, "Latitude": 21.152237050225953, "Level": "Main Town", "Source": "GAD, Mar 2015", "Remark": ""}}, {"type": "Feature", "id": "mmr_pplp1_mimu250k.404", "geometry": {"type": "Point", "coordinates": [94.14575, 23.77977]}, "geometry_name": "the_geom", "properties": {"SD_Pcode": "MMR005", "State_Divi": "Sagaing", "D_Pcode": "MMR005D006", "District": "Tamu", "TS_Pcode": "MMR005030", "Township": "Tamu", "Town_Pcode": "MMR005030703", "Town": "Khampat", "Town_MMR4": "\u1001\u102b\u1019\u103a\u1038\u1015\u102b\u1010\u103a", "Longitude": 94.14575, "Latitude": 23.77977, "Level": "Other Town", "Source": "GAD, Mar 2015", "Remark": ""}}, {"type": "Feature", "id": "mmr_pplp1_mimu250k.405", "geometry": {"type": "Point", "coordinates": [94.13845, 19.34234]}, "geometry_name": "the_geom", "properties": {"SD_Pcode": "MMR012", "State_Divi": "Rakhine", "D_Pcode": "MMR012D004", "District": "Thandwe", "TS_Pcode": "MMR012016", "Township": "Toungup", "Town_Pcode": "MMR012016702", "Town": "Ma-Ei", "Town_MMR4": "\u1019\u1021\u102e", "Longitude": 94.13845, "Latitude": 19.34234, "Level": "Other Town", "Source": "GAD, Mar 2015", "Remark": ""}}, {"type": "Feature", "id": "mmr_pplp1_mimu250k.406", "geometry": {"type": "Point", "coordinates": [94.136, 21.406]}, "geometry_name": "the_geom", "properties": {"SD_Pcode": "MMR009", "State_Divi": "Magway", "D_Pcode": "MMR009D005", "District": "Gangaw", "TS_Pcode": "MMR009025", "Township": "Saw", "Town_Pcode": "MMR009025702", "Town": "Kyaukhtu", "Town_MMR4": "\u1000\u103b\u1031\u102c\u1000\u103a\u1011\u102f", "Longitude": 94.136, "Latitude": 21.406, "Level": "Other Town", "Source": "GAD, Mar 2015", "Remark": ""}}, {"type": "Feature", "id": "mmr_pplp1_mimu250k.407", "geometry": {"type": "Point", "coordinates": [94.13582, 22.17421]}, "geometry_name": "the_geom", "properties": {"SD_Pcode": "MMR009", "State_Divi": "Magway", "D_Pcode": "MMR009D005", "District": "Gangaw", "TS_Pcode": "MMR009023", "Township": "Gangaw", "Town_Pcode": "MMR009023701", "Town": "Gangaw", "Town_MMR4": "\u1002\u1014\u103a\u1037\u1002\u1031\u102b", "Longitude": 94.13582, "Latitude": 22.174210000000002, "Level": "District Capital", "Source": "GAD, Mar 2015", "Remark": ""}}, {"type": "Feature", "id": "mmr_pplp1_mimu250k.408", "geometry": {"type": "Point", "coordinates": [94.09278, 21.69636]}, "geometry_name": "the_geom", "properties": {"SD_Pcode": "MMR009", "State_Divi": "Magway", "D_Pcode": "MMR009D005", "District": "Gangaw", "TS_Pcode": "MMR009024", "Township": "Tilin", "Town_Pcode": "MMR009024701", "Town": "Tilin", "Town_MMR4": "\u1011\u102e\u1038\u101c\u1004\u103a\u1038", "Longitude": 94.09278, "Latitude": 21.69636, "Level": "Main Town", "Source": "GAD, Mar 2015", "Remark": ""}}, {"type": "Feature", "id": "mmr_pplp1_mimu250k.409", "geometry": {"type": "Point", "coordinates": [94.05666, 21.19337]}, "geometry_name": "the_geom", "properties": {"SD_Pcode": "MMR004", "State_Divi": "Chin", "D_Pcode": "MMR004D002", "District": "Mindat", "TS_Pcode": "MMR004008", "Township": "Kanpetlet", "Town_Pcode": "MMR004008701", "Town": "Kanpetlet", "Town_MMR4": "\u1000\u1014\u103a\u1015\u1000\u103a\u101c\u1000\u103a", "Longitude": 94.05666, "Latitude": 21.19337, "Level": "Main Town", "Source": "GAD, Mar 2015", "Remark": ""}}, {"type": "Feature", "id": "mmr_pplp1_mimu250k.410", "geometry": {"type": "Point", "coordinates": [94.04791, 19.79537]}, "geometry_name": "the_geom", "properties": {"SD_Pcode": "MMR012", "State_Divi": "Rakhine", "D_Pcode": "MMR012D003", "District": "Kyaukpyu", "TS_Pcode": "MMR012014", "Township": "Ann", "Town_Pcode": "MMR012014701", "Town": "Ann", "Town_MMR4": "\u1021\u1019\u103a\u1038", "Longitude": 94.04791000000002, "Latitude": 19.79537, "Level": "Main Town", "Source": "GAD, Mar 2015", "Remark": ""}}, {"type": "Feature", "id": "mmr_pplp1_mimu250k.411", "geometry": {"type": "Point", "coordinates": [94.02977, 23.1933]}, "geometry_name": "the_geom", "properties": {"SD_Pcode": "MMR005", "State_Divi": "Sagaing", "D_Pcode": "MMR005D005", "District": "Kale", "TS_Pcode": "MMR005027", "Township": "Kale", "Town_Pcode": "MMR005027701", "Town": "Kale", "Town_MMR4": "\u1000\u101c\u1031\u1038", "Longitude": 94.02977, "Latitude": 23.1933, "Level": "District Capital", "Source": "GAD, Mar 2015", "Remark": ""}}, {"type": "Feature", "id": "mmr_pplp1_mimu250k.412", "geometry": {"type": "Point", "coordinates": [93.97365, 21.37176]}, "geometry_name": "the_geom", "properties": {"SD_Pcode": "MMR004", "State_Divi": "Chin", "D_Pcode": "MMR004D002", "District": "Mindat", "TS_Pcode": "MMR004006", "Township": "Mindat", "Town_Pcode": "MMR004006701", "Town": "Mindat", "Town_MMR4": "\u1019\u1004\u103a\u1038\u1010\u1015\u103a", "Longitude": 93.97365, "Latitude": 21.37176, "Level": "District Capital", "Source": "GAD, Mar 2015", "Remark": ""}}, {"type": "Feature", "id": "mmr_pplp1_mimu250k.413", "geometry": {"type": "Point", "coordinates": [93.85886, 19.08769]}, "geometry_name": "the_geom", "properties": {"SD_Pcode": "MMR012", "State_Divi": "Rakhine", "D_Pcode": "MMR012D003", "District": "Kyaukpyu", "TS_Pcode": "MMR012013", "Township": "Ramree", "Town_Pcode": "MMR012013701", "Town": "Ramree", "Town_MMR4": "\u101b\u1019\u103a\u1038\u1017\u103c\u1032", "Longitude": 93.85886, "Latitude": 19.08769, "Level": "Main Town", "Source": "GAD, Mar 2015", "Remark": ""}}, {"type": "Feature", "id": "mmr_pplp1_mimu250k.414", "geometry": {"type": "Point", "coordinates": [93.75902, 19.85695]}, "geometry_name": "the_geom", "properties": {"SD_Pcode": "MMR012", "State_Divi": "Rakhine", "D_Pcode": "MMR012D005", "District": "Mrauk-U", "TS_Pcode": "MMR012006", "Township": "Myebon", "Town_Pcode": "MMR012006702", "Town": "Kanhtauntkyi", "Town_MMR4": "\u1000\u1019\u103a\u1038\u1011\u1031\u102c\u1004\u103a\u1037\u1000\u103c\u102e\u1038", "Longitude": 93.75902, "Latitude": 19.85695, "Level": "Other Town", "Source": "GAD, Mar 2015", "Remark": ""}}, {"type": "Feature", "id": "mmr_pplp1_mimu250k.415", "geometry": {"type": "Point", "coordinates": [93.7215, 18.85506]}, "geometry_name": "the_geom", "properties": {"SD_Pcode": "MMR012", "State_Divi": "Rakhine", "D_Pcode": "MMR012D003", "District": "Kyaukpyu", "TS_Pcode": "MMR012012", "Township": "Munaung", "Town_Pcode": "MMR012012701", "Town": "Munaung", "Town_MMR4": "\u1019\u102c\u1014\u103a\u1021\u1031\u102c\u1004\u103a", "Longitude": 93.7215, "Latitude": 18.85506, "Level": "Main Town", "Source": "GAD, Mar 2015", "Remark": ""}}, {"type": "Feature", "id": "mmr_pplp1_mimu250k.416", "geometry": {"type": "Point", "coordinates": [93.69175, 23.60306]}, "geometry_name": "the_geom", "properties": {"SD_Pcode": "MMR004", "State_Divi": "Chin", "D_Pcode": "MMR004D001", "District": "Falam", "TS_Pcode": "MMR004005", "Township": "Tonzang", "Town_Pcode": "MMR004005701", "Town": "Tonzang", "Town_MMR4": "\u1010\u103d\u1014\u103a\u1038\u1007\u1014\u103a", "Longitude": 93.69175, "Latitude": 23.60306, "Level": "Main Town", "Source": "GAD, Mar 2015", "Remark": ""}}, {"type": "Feature", "id": "mmr_pplp1_mimu250k.417", "geometry": {"type": "Point", "coordinates": [93.68034, 22.91105]}, "geometry_name": "the_geom", "properties": {"SD_Pcode": "MMR004", "State_Divi": "Chin", "D_Pcode": "MMR004D001", "District": "Falam", "TS_Pcode": "MMR004001", "Township": "Falam", "Town_Pcode": "MMR004001701", "Town": "Falam", "Town_MMR4": "\u1016\u101c\u1019\u103a\u1038", "Longitude": 93.68034, "Latitude": 22.91105, "Level": "District Capital", "Source": "GAD, Mar 2015", "Remark": ""}}, {"type": "Feature", "id": "mmr_pplp1_mimu250k.418", "geometry": {"type": "Point", "coordinates": [93.65619, 23.37058]}, "geometry_name": "the_geom", "properties": {"SD_Pcode": "MMR004", "State_Divi": "Chin", "D_Pcode": "MMR004D001", "District": "Falam", "TS_Pcode": "MMR004004", "Township": "Tedim", "Town_Pcode": "MMR004004701", "Town": "Tedim", "Town_MMR4": "\u1010\u102e\u1038\u1010\u102d\u1014\u103a", "Longitude": 93.65619, "Latitude": 23.37058, "Level": "Main Town", "Source": "GAD, Mar 2015", "Remark": ""}}, {"type": "Feature", "id": "mmr_pplp1_mimu250k.419", "geometry": {"type": "Point", "coordinates": [93.60483, 22.64011]}, "geometry_name": "the_geom", "properties": {"SD_Pcode": "MMR004", "State_Divi": "Chin", "D_Pcode": "MMR004D003", "District": "Hakha", "TS_Pcode": "MMR004002", "Township": "Hakha", "Town_Pcode": "MMR004002701", "Town": "Hakha", "Town_MMR4": "\u101f\u102c\u1038\u1001\u102b\u1038", "Longitude": 93.60483, "Latitude": 22.64011, "Level": "State/Region Capital", "Source": "GAD, Mar 2015", "Remark": ""}}, {"type": "Feature", "id": "mmr_pplp1_mimu250k.420", "geometry": {"type": "Point", "coordinates": [93.5544, 19.4239]}, "geometry_name": "the_geom", "properties": {"SD_Pcode": "MMR012", "State_Divi": "Rakhine", "D_Pcode": "MMR012D003", "District": "Kyaukpyu", "TS_Pcode": "MMR012011", "Township": "Kyaukpyu", "Town_Pcode": "MMR012011701", "Town": "Kyaukpyu", "Town_MMR4": "\u1000\u103b\u1031\u102c\u1000\u103a\u1016\u103c\u1030", "Longitude": 93.5544, "Latitude": 19.4239, "Level": "District Capital", "Source": "GAD, Mar 2015", "Remark": ""}}, {"type": "Feature", "id": "mmr_pplp1_mimu250k.421", "geometry": {"type": "Point", "coordinates": [93.53347, 23.88976]}, "geometry_name": "the_geom", "properties": {"SD_Pcode": "MMR004", "State_Divi": "Chin", "D_Pcode": "MMR004D001", "District": "Falam", "TS_Pcode": "MMR004005", "Township": "Tonzang", "Town_Pcode": "MMR004005702", "Town": "Cikha", "Town_MMR4": "\u1000\u103b\u102e\u1001\u102b\u1038", "Longitude": 93.53347, "Latitude": 23.88976, "Level": "Other Town", "Source": "GAD, Mar 2015", "Remark": ""}}, {"type": "Feature", "id": "mmr_pplp1_mimu250k.422", "geometry": {"type": "Point", "coordinates": [93.44086, 21.60475]}, "geometry_name": "the_geom", "properties": {"SD_Pcode": "MMR004", "State_Divi": "Chin", "D_Pcode": "MMR004D004", "District": "Matupi", "TS_Pcode": "MMR004007", "Township": "Matupi", "Town_Pcode": "MMR004007701", "Town": "Matupi", "Town_MMR4": "\u1019\u1010\u1030\u1015\u102e", "Longitude": 93.44086, "Latitude": 21.60475, "Level": "District Capital", "Source": "GAD, Mar 2015", "Remark": ""}}, {"type": "Feature", "id": "mmr_pplp1_mimu250k.423", "geometry": {"type": "Point", "coordinates": [93.4278, 22.69843]}, "geometry_name": "the_geom", "properties": {"SD_Pcode": "MMR004", "State_Divi": "Chin", "D_Pcode": "MMR004D003", "District": "Hakha", "TS_Pcode": "MMR004003", "Township": "Thantlang", "Town_Pcode": "MMR004003701", "Town": "Thantlang", "Town_MMR4": "\u1011\u1014\u103a\u1010\u101c\u1014\u103a", "Longitude": 93.4278, "Latitude": 22.69843, "Level": "Main Town", "Source": "GAD, Mar 2015", "Remark": ""}}, {"type": "Feature", "id": "mmr_pplp1_mimu250k.424", "geometry": {"type": "Point", "coordinates": [93.40857, 22.05289]}, "geometry_name": "the_geom", "properties": {"SD_Pcode": "MMR004", "State_Divi": "Chin", "D_Pcode": "MMR004D004", "District": "Matupi", "TS_Pcode": "MMR004007", "Township": "Matupi", "Town_Pcode": "MMR004007702", "Town": "Rezua", "Town_MMR4": "\u101b\u1031\u1007\u103d\u102c", "Longitude": 93.40857, "Latitude": 22.05289, "Level": "Other Town", "Source": "GAD, Mar 2015", "Remark": ""}}, {"type": "Feature", "id": "mmr_pplp1_mimu250k.425", "geometry": {"type": "Point", "coordinates": [93.3886907624, 23.3609688889]}, "geometry_name": "the_geom", "properties": {"SD_Pcode": "MMR004", "State_Divi": "Chin", "D_Pcode": "MMR004D001", "District": "Falam", "TS_Pcode": "MMR004001", "Township": "Falam", "Town_Pcode": "MMR004001702", "Town": "Rihkhawdar", "Town_MMR4": "\u101b\u102d\u1001\u1031\u102b\u103a\u1012\u102b\u101b\u103a", "Longitude": 93.38869076240002, "Latitude": 23.3609688889, "Level": "Other Town", "Source": "GAD, Mar 2015", "Remark": ""}}, {"type": "Feature", "id": "mmr_pplp1_mimu250k.426", "geometry": {"type": "Point", "coordinates": [93.36821295929413, 14.134430582175794]}, "geometry_name": "the_geom", "properties": {"SD_Pcode": "MMR013", "State_Divi": "Yangon", "D_Pcode": "MMR013D003", "District": "Yangon (South)", "TS_Pcode": "MMR013032", "Township": "Cocokyun", "Town_Pcode": "MMR013032701", "Town": "Cocokyun", "Town_MMR4": "\u1000\u102d\u102f\u1000\u102d\u102f\u1038\u1000\u103b\u103d\u1014\u103a\u1038", "Longitude": 93.36821295929413, "Latitude": 14.134430582175794, "Level": "Main Town", "Source": "GAD, Mar 2015", "Remark": ""}}, {"type": "Feature", "id": "mmr_pplp1_mimu250k.427", "geometry": {"type": "Point", "coordinates": [93.37376, 20.04676]}, "geometry_name": "the_geom", "properties": {"SD_Pcode": "MMR012", "State_Divi": "Rakhine", "D_Pcode": "MMR012D005", "District": "Mrauk-U", "TS_Pcode": "MMR012006", "Township": "Myebon", "Town_Pcode": "MMR012006701", "Town": "Myebon", "Town_MMR4": "\u1019\u103c\u1031\u1015\u102f\u1036", "Longitude": 93.37376, "Latitude": 20.04676, "Level": "Main Town", "Source": "GAD, Mar 2015", "Remark": ""}}, {"type": "Feature", "id": "mmr_pplp1_mimu250k.428", "geometry": {"type": "Point", "coordinates": [93.27269, 20.36452]}, "geometry_name": "the_geom", "properties": {"SD_Pcode": "MMR012", "State_Divi": "Rakhine", "D_Pcode": "MMR012D005", "District": "Mrauk-U", "TS_Pcode": "MMR012005", "Township": "Minbya", "Town_Pcode": "MMR012005701", "Town": "Minbya", "Town_MMR4": "\u1019\u1004\u103a\u1038\u1015\u103c\u102c\u1038", "Longitude": 93.27269, "Latitude": 20.36452, "Level": "Main Town", "Source": "GAD, Mar 2015", "Remark": ""}}, {"type": "Feature", "id": "mmr_pplp1_mimu250k.429", "geometry": {"type": "Point", "coordinates": [93.18844, 20.59185]}, "geometry_name": "the_geom", "properties": {"SD_Pcode": "MMR012", "State_Divi": "Rakhine", "D_Pcode": "MMR012D005", "District": "Mrauk-U", "TS_Pcode": "MMR012003", "Township": "Mrauk-U", "Town_Pcode": "MMR012003701", "Town": "Mrauk-U", "Town_MMR4": "\u1019\u103c\u1031\u102c\u1000\u103a\u1026\u1038", "Longitude": 93.18844, "Latitude": 20.59185, "Level": "District Capital", "Source": "GAD, Mar 2015", "Remark": ""}}, {"type": "Feature", "id": "mmr_pplp1_mimu250k.430", "geometry": {"type": "Point", "coordinates": [93.09649, 21.29333]}, "geometry_name": "the_geom", "properties": {"SD_Pcode": "MMR004", "State_Divi": "Chin", "D_Pcode": "MMR004D004", "District": "Matupi", "TS_Pcode": "MMR004009", "Township": "Paletwa", "Town_Pcode": "MMR004009702", "Town": "Samee", "Town_MMR4": "\u1006\u1019\u102e\u1038", "Longitude": 93.09649, "Latitude": 21.29333, "Level": "Other Town", "Source": "GAD, Mar 2015", "Remark": ""}}, {"type": "Feature", "id": "mmr_pplp1_mimu250k.431", "geometry": {"type": "Point", "coordinates": [93.06817, 20.18098]}, "geometry_name": "the_geom", "properties": {"SD_Pcode": "MMR012", "State_Divi": "Rakhine", "D_Pcode": "MMR012D001", "District": "Sittwe", "TS_Pcode": "MMR012007", "Township": "Pauktaw", "Town_Pcode": "MMR012007701", "Town": "Pauktaw", "Town_MMR4": "\u1015\u1031\u102b\u1000\u103a\u1010\u1031\u102c", "Longitude": 93.06817, "Latitude": 20.18098, "Level": "Main Town", "Source": "GAD, Mar 2015", "Remark": ""}}, {"type": "Feature", "id": "mmr_pplp1_mimu250k.432", "geometry": {"type": "Point", "coordinates": [93.0043, 20.33199]}, "geometry_name": "the_geom", "properties": {"SD_Pcode": "MMR012", "State_Divi": "Rakhine", "D_Pcode": "MMR012D001", "District": "Sittwe", "TS_Pcode": "MMR012002", "Township": "Ponnagyun", "Town_Pcode": "MMR012002701", "Town": "Ponnagyun", "Town_MMR4": "\u1015\u102f\u100f\u1039\u100f\u102c\u1038\u1000\u103b\u103d\u1014\u103a\u1038", "Longitude": 93.0043, "Latitude": 20.33199, "Level": "Main Town", "Source": "GAD, Mar 2015", "Remark": ""}}, {"type": "Feature", "id": "mmr_pplp1_mimu250k.433", "geometry": {"type": "Point", "coordinates": [92.97282, 20.84396]}, "geometry_name": "the_geom", "properties": {"SD_Pcode": "MMR012", "State_Divi": "Rakhine", "D_Pcode": "MMR012D005", "District": "Mrauk-U", "TS_Pcode": "MMR012004", "Township": "Kyauktaw", "Town_Pcode": "MMR012004701", "Town": "Kyauktaw", "Town_MMR4": "\u1000\u103b\u1031\u102c\u1000\u103a\u1010\u1031\u102c\u103a", "Longitude": 92.97282, "Latitude": 20.84396, "Level": "Main Town", "Source": "GAD, Mar 2015", "Remark": ""}}, {"type": "Feature", "id": "mmr_pplp1_mimu250k.434", "geometry": {"type": "Point", "coordinates": [92.88551, 20.13727]}, "geometry_name": "the_geom", "properties": {"SD_Pcode": "MMR012", "State_Divi": "Rakhine", "D_Pcode": "MMR012D001", "District": "Sittwe", "TS_Pcode": "MMR012001", "Township": "Sittwe", "Town_Pcode": "MMR012001701", "Town": "Sittwe", "Town_MMR4": "\u1005\u1005\u103a\u1010\u103d\u1031", "Longitude": 92.88551, "Latitude": 20.13727, "Level": "State/Region Capital", "Source": "GAD, Mar 2015", "Remark": ""}}, {"type": "Feature", "id": "mmr_pplp1_mimu250k.435", "geometry": {"type": "Point", "coordinates": [92.85461, 21.30441]}, "geometry_name": "the_geom", "properties": {"SD_Pcode": "MMR004", "State_Divi": "Chin", "D_Pcode": "MMR004D004", "District": "Matupi", "TS_Pcode": "MMR004009", "Township": "Paletwa", "Town_Pcode": "MMR004009701", "Town": "Paletwa", "Town_MMR4": "\u1015\u101c\u1000\u103a\u101d", "Longitude": 92.85461, "Latitude": 21.30441, "Level": "Main Town", "Source": "GAD, Mar 2015", "Remark": ""}}, {"type": "Feature", "id": "mmr_pplp1_mimu250k.436", "geometry": {"type": "Point", "coordinates": [92.7560568655, 20.482153632]}, "geometry_name": "the_geom", "properties": {"SD_Pcode": "MMR012", "State_Divi": "Rakhine", "D_Pcode": "MMR012D001", "District": "Sittwe", "TS_Pcode": "MMR012008", "Township": "Rathedaung", "Town_Pcode": "MMR012008701", "Town": "Rathedaung", "Town_MMR4": "\u101b\u101e\u1031\u1037\u1010\u1031\u102c\u1004\u103a", "Longitude": 92.7560568655, "Latitude": 20.482153632, "Level": "Main Town", "Source": "GAD, Mar 2015", "Remark": ""}}, {"type": "Feature", "id": "mmr_pplp1_mimu250k.437", "geometry": {"type": "Point", "coordinates": [92.525, 20.87498]}, "geometry_name": "the_geom", "properties": {"SD_Pcode": "MMR012", "State_Divi": "Rakhine", "D_Pcode": "MMR012D002", "District": "Maungdaw", "TS_Pcode": "MMR012010", "Township": "Buthidaung", "Town_Pcode": "MMR012010701", "Town": "Buthidaung", "Town_MMR4": "\u1018\u1030\u1038\u101e\u102e\u1038\u1010\u1031\u102c\u1004\u103a", "Longitude": 92.525, "Latitude": 20.87498, "Level": "Main Town", "Source": "GAD, Mar 2015", "Remark": ""}}, {"type": "Feature", "id": "mmr_pplp1_mimu250k.438", "geometry": {"type": "Point", "coordinates": [92.50212, 20.62786]}, "geometry_name": "the_geom", "properties": {"SD_Pcode": "MMR012", "State_Divi": "Rakhine", "D_Pcode": "MMR012D002", "District": "Maungdaw", "TS_Pcode": "MMR012009", "Township": "Maungdaw", "Town_Pcode": "MMR012009704", "Town": "Myin Hlut", "Town_MMR4": "\u1019\u103c\u1004\u103a\u1038\u101c\u103d\u103e\u1010\u103a", "Longitude": 92.50212, "Latitude": 20.62786, "Level": "Other Town", "Source": "GAD, Feb 2016", "Remark": "New Town, GAD Feb 2016 (order no. 299/2016)"}}, {"type": "Feature", "id": "mmr_pplp1_mimu250k.439", "geometry": {"type": "Point", "coordinates": [92.36776, 20.81897]}, "geometry_name": "the_geom", "properties": {"SD_Pcode": "MMR012", "State_Divi": "Rakhine", "D_Pcode": "MMR012D002", "District": "Maungdaw", "TS_Pcode": "MMR012009", "Township": "Maungdaw", "Town_Pcode": "MMR012009701", "Town": "Maungdaw", "Town_MMR4": "\u1019\u1031\u102c\u1004\u103a\u1010\u1031\u102c", "Longitude": 92.36776, "Latitude": 20.81897, "Level": "District Capital", "Source": "GAD, Mar 2015", "Remark": ""}}, {"type": "Feature", "id": "mmr_pplp1_mimu250k.440", "geometry": {"type": "Point", "coordinates": [92.27141, 21.26554]}, "geometry_name": "the_geom", "properties": {"SD_Pcode": "MMR012", "State_Divi": "Rakhine", "D_Pcode": "MMR012D002", "District": "Maungdaw", "TS_Pcode": "MMR012009", "Township": "Maungdaw", "Town_Pcode": "MMR012009703", "Town": "Kha Maung Seik", "Town_MMR4": "\u1001\u1019\u1031\u102c\u1004\u103a\u1038\u1006\u102d\u1015\u103a", "Longitude": 92.27141, "Latitude": 21.26554, "Level": "Other Town", "Source": "GAD, Feb 2016", "Remark": "New Town, GAD Feb 2016 (order no. 299/2016)"}}, {"type": "Feature", "id": "mmr_pplp1_mimu250k.441", "geometry": {"type": "Point", "coordinates": [92.20068434112989, 21.199909212575676]}, "geometry_name": "the_geom", "properties": {"SD_Pcode": "MMR012", "State_Divi": "Rakhine", "D_Pcode": "MMR012D002", "District": "Maungdaw", "TS_Pcode": "MMR012009", "Township": "Maungdaw", "Town_Pcode": "MMR012009702", "Town": "Taungpyoletwea", "Town_MMR4": "\u1010\u1031\u102c\u1004\u103a\u1015\u103c\u102d\u102f\u101c\u1000\u103a\u101d\u1032", "Longitude": 92.20068434112989, "Latitude": 21.199909212575676, "Level": "Other Town", "Source": "GAD, Mar 2015", "Remark": ""}}, {"type": "Feature", "id": "mmr_pplp1_mimu250k.442", "geometry": {"type": "Point", "coordinates": [98.6618826, 12.849283]}, "geometry_name": "the_geom", "properties": {"SD_Pcode": "MMR006", "State_Divi": "Tanintharyi", "D_Pcode": "MMR006D002", "District": "Myeik", "TS_Pcode": "MMR006007", "Township": "Palaw", "Town_Pcode": "MMR006007703", "Town": "Pa La", "Town_MMR4": "\u1015\u101c", "Longitude": 98.6618826, "Latitude": 12.849283, "Level": "Other Town", "Source": "GAD, Feb 2016", "Remark": "New Town, GAD Feb 2016 (order no. 520/2016)"}}, {"type": "Feature", "id": "mmr_pplp1_mimu250k.443", "geometry": {"type": "Point", "coordinates": [98.04353, 16.59446]}, "geometry_name": "the_geom", "properties": {"SD_Pcode": "MMR003", "State_Divi": "Kayin", "D_Pcode": "MMR003D003", "District": "Kawkareik", "TS_Pcode": "MMR003006", "Township": "Kawkareik", "Town_Pcode": "MMR003006702", "Town": "Kyondoe", "Town_MMR4": "\u1000\u103b\u102f\u1036\u1012\u102d\u102f\u1038", "Longitude": 98.04353, "Latitude": 16.59446, "Level": "Other Town", "Source": "GAD, Mar 2015", "Remark": ""}}, {"type": "Feature", "id": "mmr_pplp1_mimu250k.444", "geometry": {"type": "Point", "coordinates": [98.8672192757, 23.4758305972]}, "geometry_name": "the_geom", "properties": {"SD_Pcode": "MMR015", "State_Divi": "Shan (North)", "D_Pcode": "MMR015D006", "District": "Hopang", "TS_Pcode": "MMR015021", "Township": "Nam Tit", "Town_Pcode": "MMR015021702", "Town": "Nam Tit", "Town_MMR4": "\u1014\u1019\u103a\u1037\u1010\u1005\u103a", "Longitude": 98.8672192757, "Latitude": 23.4758305972, "Level": "Other Town", "Source": "GAD, Mar 2015", "Remark": ""}}, {"type": "Feature", "id": "mmr_pplp1_mimu250k.445", "geometry": {"type": "Point", "coordinates": [94.4447, 16.9597]}, "geometry_name": "the_geom", "properties": {"SD_Pcode": "MMR017", "State_Divi": "Ayeyarwady", "D_Pcode": "MMR017D001", "District": "Pathein", "TS_Pcode": "MMR017001", "Township": "Pathein", "Town_Pcode": "MMR017001704", "Town": "Chaung Thar", "Town_MMR4": "\u1001\u103b\u1031\u102c\u1004\u103a\u1038\u101e\u102c", "Longitude": 94.4447, "Latitude": 16.9597, "Level": "Other Town", "Source": "GAD, Sep 2016", "Remark": ""}}, {"type": "Feature", "id": "mmr_pplp1_mimu250k.446", "geometry": {"type": "Point", "coordinates": [95.4802, 17.5616]}, "geometry_name": "the_geom", "properties": {"SD_Pcode": "MMR017", "State_Divi": "Ayeyarwady", "D_Pcode": "MMR017D002", "District": "Hinthada", "TS_Pcode": "MMR017008", "Township": "Hinthada", "Town_Pcode": "MMR017008703", "Town": "Du Yar", "Town_MMR4": "\u1012\u1030\u1038\u101a\u102c\u1038", "Longitude": 95.4802, "Latitude": 17.5616, "Level": "Other Town", "Source": "GAD, Sep 2016", "Remark": ""}}, {"type": "Feature", "id": "mmr_pplp1_mimu250k.447", "geometry": {"type": "Point", "coordinates": [96.8239, 20.7221]}, "geometry_name": "the_geom", "properties": {"SD_Pcode": "MMR014", "State_Divi": "Shan (South)", "D_Pcode": "MMR014D001", "District": "Taunggyi", "TS_Pcode": "MMR014005", "Township": "Kalaw", "Town_Pcode": "MMR014005703", "Town": "He Hoe", "Town_MMR4": "\u101f\u1032\u101f\u102d\u102f\u1038", "Longitude": 96.8239, "Latitude": 20.7221, "Level": "Other Town", "Source": "GAD, Sep 2018", "Remark": ""}}, {"type": "Feature", "id": "mmr_pplp1_mimu250k.448", "geometry": {"type": "Point", "coordinates": [93.4361, 22.1898]}, "geometry_name": "the_geom", "properties": {"SD_Pcode": "MMR004", "State_Divi": "Chin", "D_Pcode": "MMR004D003", "District": "Hakha", "TS_Pcode": "MMR004003", "Township": "Thantlang", "Town_Pcode": "MMR004003702", "Town": "Hnaring", "Town_MMR4": "\u1014\u103e\u102c\u101f\u101b\u102d\u1014\u103a", "Longitude": 93.4361, "Latitude": 22.1898, "Level": "Other Town", "Source": "GAD, Sep 2017", "Remark": ""}}, {"type": "Feature", "id": "mmr_pplp1_mimu250k.449", "geometry": {"type": "Point", "coordinates": [96.5549, 18.0377]}, "geometry_name": "the_geom", "properties": {"SD_Pcode": "MMR007", "State_Divi": "Bago (East)", "D_Pcode": "MMR007D001", "District": "Bago", "TS_Pcode": "MMR007006", "Township": "Kyauktaga", "Town_Pcode": "MMR007006703", "Town": "Hpa Do", "Town_MMR4": "\u1016\u1012\u102d\u102f", "Longitude": 96.5549, "Latitude": 18.0377, "Level": "Other Town", "Source": "GAD, Aug 2015", "Remark": ""}}, {"type": "Feature", "id": "mmr_pplp1_mimu250k.450", "geometry": {"type": "Point", "coordinates": [95.269, 18.0935]}, "geometry_name": "the_geom", "properties": {"SD_Pcode": "MMR017", "State_Divi": "Ayeyarwady", "D_Pcode": "MMR017D002", "District": "Hinthada", "TS_Pcode": "MMR017011", "Township": "Myanaung", "Town_Pcode": "MMR017011703", "Town": "In Pin", "Town_MMR4": "\u1021\u1004\u103a\u1015\u1004\u103a", "Longitude": 95.269, "Latitude": 18.0935, "Level": "Other Town", "Source": "GAD, Sep 2018", "Remark": ""}}, {"type": "Feature", "id": "mmr_pplp1_mimu250k.451", "geometry": {"type": "Point", "coordinates": [96.2876, 25.0929]}, "geometry_name": "the_geom", "properties": {"SD_Pcode": "MMR001", "State_Divi": "Kachin", "D_Pcode": "MMR001D002", "District": "Mohnyin", "TS_Pcode": "MMR001007", "Township": "Mohnyin", "Town_Pcode": "MMR001007703", "Town": "Inn Taw Gyi", "Town_MMR4": "\u1021\u1004\u103a\u1038\u1010\u1031\u102c\u103a\u1000\u103c\u102e\u1038", "Longitude": 96.2876, "Latitude": 25.0929, "Level": "Other Town", "Source": "GAD, Nov 2017", "Remark": ""}}, {"type": "Feature", "id": "mmr_pplp1_mimu250k.452", "geometry": {"type": "Point", "coordinates": [93.9551, 23.2175]}, "geometry_name": "the_geom", "properties": {"SD_Pcode": "MMR004", "State_Divi": "Chin", "D_Pcode": "MMR004D001", "District": "Falam", "TS_Pcode": "MMR004004", "Township": "Tedim", "Town_Pcode": "MMR004004702", "Town": "Khaikam", "Town_MMR4": "\u1001\u102d\u102f\u1004\u103a\u1000\u1019\u103a\u1038", "Longitude": 93.9551, "Latitude": 23.2175, "Level": "Other Town", "Source": "GAD, Feb 2016", "Remark": ""}}, {"type": "Feature", "id": "mmr_pplp1_mimu250k.453", "geometry": {"type": "Point", "coordinates": [96.1603, 21.3583]}, "geometry_name": "the_geom", "properties": {"SD_Pcode": "MMR010", "State_Divi": "Mandalay", "D_Pcode": "MMR010D003", "District": "Kyaukse", "TS_Pcode": "MMR010015", "Township": "Myittha", "Town_Pcode": "MMR010015702", "Town": "Ku Me", "Town_MMR4": "\u1000\u1030\u1019\u1032", "Longitude": 96.1603, "Latitude": 21.3583, "Level": "Other Town", "Source": "GAD, May 2017", "Remark": ""}}, {"type": "Feature", "id": "mmr_pplp1_mimu250k.454", "geometry": {"type": "Point", "coordinates": [93.8382, 20.973]}, "geometry_name": "the_geom", "properties": {"SD_Pcode": "MMR004", "State_Divi": "Chin", "D_Pcode": "MMR004D002", "District": "Mindat", "TS_Pcode": "MMR004008", "Township": "Kanpetlet", "Town_Pcode": "MMR004008702", "Town": "Kyin Dway", "Town_MMR4": "\u1000\u103b\u1004\u103a\u1012\u103d\u1031\u1038", "Longitude": 93.8382, "Latitude": 20.973, "Level": "Other Town", "Source": "GAD, Dec 2018", "Remark": ""}}, {"type": "Feature", "id": "mmr_pplp1_mimu250k.455", "geometry": {"type": "Point", "coordinates": [96.4099, 18.7]}, "geometry_name": "the_geom", "properties": {"SD_Pcode": "MMR007", "State_Divi": "Bago (East)", "D_Pcode": "MMR007D002", "District": "Taungoo", "TS_Pcode": "MMR007013", "Township": "Oktwin", "Town_Pcode": "MMR007013702", "Town": "Kywe Pwe", "Town_MMR4": "\u1000\u103b\u103d\u1032\u1015\u103d\u1032", "Longitude": 96.4099, "Latitude": 18.7, "Level": "Other Town", "Source": "GAD, Aug 2015", "Remark": ""}}, {"type": "Feature", "id": "mmr_pplp1_mimu250k.456", "geometry": {"type": "Point", "coordinates": [93.1143, 21.9592]}, "geometry_name": "the_geom", "properties": {"SD_Pcode": "MMR004", "State_Divi": "Chin", "D_Pcode": "MMR004D004", "District": "Matupi", "TS_Pcode": "MMR004007", "Township": "Matupi", "Town_Pcode": "MMR004007703", "Town": "Lalengpi", "Town_MMR4": "\u101c\u102d\u102f\u1004\u103a\u101c\u1004\u103a\u1038\u1015\u102e", "Longitude": 93.1143, "Latitude": 21.9592, "Level": "Other Town", "Source": "GAD, Feb 2016", "Remark": ""}}, {"type": "Feature", "id": "mmr_pplp1_mimu250k.457", "geometry": {"type": "Point", "coordinates": [97.2318, 19.8777]}, "geometry_name": "the_geom", "properties": {"SD_Pcode": "MMR002", "State_Divi": "Kayah", "D_Pcode": "MMR002D001", "District": "Loikaw", "TS_Pcode": "MMR002001", "Township": "Loikaw", "Town_Pcode": "MMR002001702", "Town": "Loilen Lay", "Town_MMR4": "\u101c\u103d\u102d\u102f\u1004\u103a\u101c\u1004\u103a\u101c\u1031\u1038", "Longitude": 97.2318, "Latitude": 19.8777, "Level": "Other Town", "Source": "GAD, Oct 2017", "Remark": ""}}, {"type": "Feature", "id": "mmr_pplp1_mimu250k.458", "geometry": {"type": "Point", "coordinates": [96.1796, 24.4649]}, "geometry_name": "the_geom", "properties": {"SD_Pcode": "MMR005", "State_Divi": "Sagaing", "D_Pcode": "MMR005D004", "District": "Katha", "TS_Pcode": "MMR005021", "Township": "Indaw", "Town_Pcode": "MMR005021702", "Town": "Maw Lu", "Town_MMR4": "\u1019\u1031\u102c\u103a\u101c\u1030\u1038", "Longitude": 96.1796, "Latitude": 24.4649, "Level": "Other Town", "Source": "GAD, May 2018", "Remark": ""}}, {"type": "Feature", "id": "mmr_pplp1_mimu250k.459", "geometry": {"type": "Point", "coordinates": [99.6275, 11.7952]}, "geometry_name": "the_geom", "properties": {"SD_Pcode": "MMR006", "State_Divi": "Tanintharyi", "D_Pcode": "MMR006D002", "District": "Myeik", "TS_Pcode": "MMR006008", "Township": "Tanintharyi", "Town_Pcode": "MMR006008702", "Town": "Maw Taung", "Town_MMR4": "\u1019\u1031\u102c\u1010\u1031\u102c\u1004\u103a", "Longitude": 99.6275, "Latitude": 11.7952, "Level": "Other Town", "Source": "GAD, Apr 2017", "Remark": ""}}, {"type": "Feature", "id": "mmr_pplp1_mimu250k.460", "geometry": {"type": "Point", "coordinates": [95.2288, 17.9009]}, "geometry_name": "the_geom", "properties": {"SD_Pcode": "MMR017", "State_Divi": "Ayeyarwady", "D_Pcode": "MMR017D002", "District": "Hinthada", "TS_Pcode": "MMR017013", "Township": "Ingapu", "Town_Pcode": "MMR017013703", "Town": "Me Za Li Kone", "Town_MMR4": "\u1019\u1032\u1007\u101c\u102e\u1000\u102f\u1014\u103a\u1038", "Longitude": 95.2288, "Latitude": 17.9009, "Level": "Other Town", "Source": "GAD, May 2017", "Remark": ""}}, {"type": "Feature", "id": "mmr_pplp1_mimu250k.461", "geometry": {"type": "Point", "coordinates": [93.5945, 21.1727]}, "geometry_name": "the_geom", "properties": {"SD_Pcode": "MMR004", "State_Divi": "Chin", "D_Pcode": "MMR004D002", "District": "Mindat", "TS_Pcode": "MMR004006", "Township": "Mindat", "Town_Pcode": "MMR004006702", "Town": "M'kuiimnu", "Town_MMR4": "\u1019\u1000\u103d\u102e\u1021\u102d\u1019\u103a\u1014\u1030\u1038", "Longitude": 93.5945, "Latitude": 21.1727, "Level": "Other Town", "Source": "GAD, Sep 2017", "Remark": ""}}, {"type": "Feature", "id": "mmr_pplp1_mimu250k.462", "geometry": {"type": "Point", "coordinates": [94.8511, 21.2454]}, "geometry_name": "the_geom", "properties": {"SD_Pcode": "MMR009", "State_Divi": "Magway", "D_Pcode": "MMR009D004", "District": "Pakokku", "TS_Pcode": "MMR009018", "Township": "Pakokku", "Town_Pcode": "MMR009018703", "Town": "Myit Chay", "Town_MMR4": "\u1019\u103c\u1005\u103a\u1001\u103c\u1031", "Longitude": 94.8511, "Latitude": 21.2454, "Level": "Other Town", "Source": "GAD, May 2018", "Remark": ""}}, {"type": "Feature", "id": "mmr_pplp1_mimu250k.463", "geometry": {"type": "Point", "coordinates": [96.3548, 25.0047]}, "geometry_name": "the_geom", "properties": {"SD_Pcode": "MMR001", "State_Divi": "Kachin", "D_Pcode": "MMR001D002", "District": "Mohnyin", "TS_Pcode": "MMR001007", "Township": "Mohnyin", "Town_Pcode": "MMR001007704", "Town": "Nam Mun", "Town_MMR4": "\u1014\u1014\u103a\u1037\u1019\u103d\u1014\u103a\u1038", "Longitude": 96.3548, "Latitude": 25.0047, "Level": "Other Town", "Source": "GAD, Aug 2018", "Remark": ""}}, {"type": "Feature", "id": "mmr_pplp1_mimu250k.464", "geometry": {"type": "Point", "coordinates": [97.1091, 19.6696]}, "geometry_name": "the_geom", "properties": {"SD_Pcode": "MMR002", "State_Divi": "Kayah", "D_Pcode": "MMR002D001", "District": "Loikaw", "TS_Pcode": "MMR002002", "Township": "Demoso", "Town_Pcode": "MMR002002702", "Town": "Nan Mei Khon", "Town_MMR4": "\u1014\u1014\u103a\u1038\u1019\u101a\u103a\u1001\u102f\u1036", "Longitude": 97.1091, "Latitude": 19.6696, "Level": "Other Town", "Source": "GAD, Nov 2017", "Remark": ""}}, {"type": "Feature", "id": "mmr_pplp1_mimu250k.465", "geometry": {"type": "Point", "coordinates": [95.6935, 18.0432]}, "geometry_name": "the_geom", "properties": {"SD_Pcode": "MMR008", "State_Divi": "Bago (West)", "D_Pcode": "MMR008D002", "District": "Thayarwady", "TS_Pcode": "MMR008010", "Township": "Okpho", "Town_Pcode": "MMR008010702", "Town": "Oe Thei Kone", "Town_MMR4": "\u1021\u102d\u102f\u1038\u101e\u100a\u103a\u1000\u102f\u1014\u103a\u1038", "Longitude": 95.6935, "Latitude": 18.0432, "Level": "Other Town", "Source": "GAD, Aug 2015", "Remark": ""}}, {"type": "Feature", "id": "mmr_pplp1_mimu250k.466", "geometry": {"type": "Point", "coordinates": [94.7424, 20.8338]}, "geometry_name": "the_geom", "properties": {"SD_Pcode": "MMR009", "State_Divi": "Magway", "D_Pcode": "MMR009D001", "District": "Magway", "TS_Pcode": "MMR009003", "Township": "Chauk", "Town_Pcode": "MMR009003702", "Town": "Sa Lay", "Town_MMR4": "\u1005\u101c\u1031", "Longitude": 94.7424, "Latitude": 20.8338, "Level": "Other Town", "Source": "GAD, May 2018", "Remark": ""}}, {"type": "Feature", "id": "mmr_pplp1_mimu250k.467", "geometry": {"type": "Point", "coordinates": [93.7336, 19.2166]}, "geometry_name": "the_geom", "properties": {"SD_Pcode": "MMR012", "State_Divi": "Rakhine", "D_Pcode": "MMR012D003", "District": "Kyaukpyu", "TS_Pcode": "MMR012011", "Township": "Kyaukpyu", "Town_Pcode": "MMR012011702", "Town": "Sa Ne", "Town_MMR4": "\u1005\u1014\u1032", "Longitude": 93.7336, "Latitude": 19.2166, "Level": "Other Town", "Source": "GAD, Jun 2015", "Remark": ""}}, {"type": "Feature", "id": "mmr_pplp1_mimu250k.468", "geometry": {"type": "Point", "coordinates": [95.2366, 22.5561]}, "geometry_name": "the_geom", "properties": {"SD_Pcode": "MMR005", "State_Divi": "Sagaing", "D_Pcode": "MMR005D002", "District": "Shwebo", "TS_Pcode": "MMR005010", "Township": "Tabayin", "Town_Pcode": "MMR005010702", "Town": "Saing Pyin", "Town_MMR4": "\u1005\u102d\u102f\u1004\u103a\u1015\u103c\u1004\u103a", "Longitude": 95.2366, "Latitude": 22.5561, "Level": "Other Town", "Source": "GAD, May 2018", "Remark": ""}}, {"type": "Feature", "id": "mmr_pplp1_mimu250k.469", "geometry": {"type": "Point", "coordinates": [95.7574, 22.1639]}, "geometry_name": "the_geom", "properties": {"SD_Pcode": "MMR005", "State_Divi": "Sagaing", "D_Pcode": "MMR005D001", "District": "Sagaing", "TS_Pcode": "MMR005001", "Township": "Sagaing", "Town_Pcode": "MMR005001702", "Town": "Sar Taung", "Town_MMR4": "\u1006\u102c\u1038\u1010\u1031\u102c\u1004\u103a", "Longitude": 95.7574, "Latitude": 22.1639, "Level": "Other Town", "Source": "GAD, Jan 2017", "Remark": ""}}, {"type": "Feature", "id": "mmr_pplp1_mimu250k.470", "geometry": {"type": "Point", "coordinates": [95.4221, 21.735]}, "geometry_name": "the_geom", "properties": {"SD_Pcode": "MMR010", "State_Divi": "Mandalay", "D_Pcode": "MMR010D004", "District": "Myingyan", "TS_Pcode": "MMR010017", "Township": "Myingyan", "Town_Pcode": "MMR010017702", "Town": "Si Mee Khon", "Town_MMR4": "\u1006\u102e\u1019\u102e\u1038\u1001\u102f\u1036", "Longitude": 95.4221, "Latitude": 21.735, "Level": "Other Town", "Source": "GAD, Aug 2018", "Remark": ""}}, {"type": "Feature", "id": "mmr_pplp1_mimu250k.471", "geometry": {"type": "Point", "coordinates": [95.3594, 18.7369]}, "geometry_name": "the_geom", "properties": {"SD_Pcode": "MMR008", "State_Divi": "Bago (West)", "D_Pcode": "MMR008D001", "District": "Pyay", "TS_Pcode": "MMR008005", "Township": "Thegon", "Town_Pcode": "MMR008005704", "Town": "Sin Mee Swea", "Town_MMR4": "\u1006\u1004\u103a\u1019\u103c\u102e\u1038\u1006\u103d\u1032", "Longitude": 95.3594, "Latitude": 18.7369, "Level": "Other Town", "Source": "GAD, May 2018", "Remark": ""}}, {"type": "Feature", "id": "mmr_pplp1_mimu250k.472", "geometry": {"type": "Point", "coordinates": [95.7232, 17.8941]}, "geometry_name": "the_geom", "properties": {"SD_Pcode": "MMR008", "State_Divi": "Bago (West)", "D_Pcode": "MMR008D002", "District": "Thayarwady", "TS_Pcode": "MMR008009", "Township": "Minhla", "Town_Pcode": "MMR008009702", "Town": "Sit Kwin", "Town_MMR4": "\u1005\u1005\u103a\u1000\u103d\u1004\u103a\u1038", "Longitude": 95.7232, "Latitude": 17.8941, "Level": "Other Town", "Source": "GAD, Aug 2015", "Remark": ""}}, {"type": "Feature", "id": "mmr_pplp1_mimu250k.473", "geometry": {"type": "Point", "coordinates": [95.3046, 17.6419]}, "geometry_name": "the_geom", "properties": {"SD_Pcode": "MMR017", "State_Divi": "Ayeyarwady", "D_Pcode": "MMR017D002", "District": "Hinthada", "TS_Pcode": "MMR017008", "Township": "Hinthada", "Town_Pcode": "MMR017008702", "Town": "Ta Loke Htaw", "Town_MMR4": "\u1010\u101c\u102f\u1010\u1039\u1011\u1031\u102c\u103a", "Longitude": 95.3046, "Latitude": 17.6419, "Level": "Other Town", "Source": "GAD, Sep 2016", "Remark": ""}}, {"type": "Feature", "id": "mmr_pplp1_mimu250k.474", "geometry": {"type": "Point", "coordinates": [95.4549, 18.361]}, "geometry_name": "the_geom", "properties": {"SD_Pcode": "MMR008", "State_Divi": "Bago (West)", "D_Pcode": "MMR008D002", "District": "Thayarwady", "TS_Pcode": "MMR008012", "Township": "Nattalin", "Town_Pcode": "MMR008012702", "Town": "Tar Pun", "Town_MMR4": "\u1010\u102c\u1015\u103d\u1014\u103a", "Longitude": 95.4549, "Latitude": 18.361, "Level": "Other Town", "Source": "GAD, Aug 2015", "Remark": ""}}, {"type": "Feature", "id": "mmr_pplp1_mimu250k.475", "geometry": {"type": "Point", "coordinates": [93.9358, 19.5682]}, "geometry_name": "the_geom", "properties": {"SD_Pcode": "MMR012", "State_Divi": "Rakhine", "D_Pcode": "MMR012D003", "District": "Kyaukpyu", "TS_Pcode": "MMR012014", "Township": "Ann", "Town_Pcode": "MMR012014702", "Town": "Tat Taung", "Town_MMR4": "\u1010\u1015\u103a\u1010\u1031\u102c\u1004\u103a", "Longitude": 93.9358, "Latitude": 19.5682, "Level": "Other Town", "Source": "GAD, Jun 2015", "Remark": ""}}, {"type": "Feature", "id": "mmr_pplp1_mimu250k.476", "geometry": {"type": "Point", "coordinates": [96.884, 17.5137]}, "geometry_name": "the_geom", "properties": {"SD_Pcode": "MMR011", "State_Divi": "Mon", "D_Pcode": "MMR011D002", "District": "Thaton", "TS_Pcode": "MMR011009", "Township": "Kyaikto", "Town_Pcode": "MMR011009702", "Town": "Thein Za Yat", "Town_MMR4": "\u101e\u102d\u1019\u103a\u1007\u101b\u1015\u103a", "Longitude": 96.884, "Latitude": 17.5137, "Level": "Other Town", "Source": "GAD, Jul 2018", "Remark": ""}}, {"type": "Feature", "id": "mmr_pplp1_mimu250k.477", "geometry": {"type": "Point", "coordinates": [93.9133, 23.0168]}, "geometry_name": "the_geom", "properties": {"SD_Pcode": "MMR004", "State_Divi": "Chin", "D_Pcode": "MMR004D001", "District": "Falam", "TS_Pcode": "MMR004001", "Township": "Falam", "Town_Pcode": "MMR004001703", "Town": "Webula", "Town_MMR4": "\u101d\u1031\u1018\u1030\u101c", "Longitude": 93.9133, "Latitude": 23.0168, "Level": "Other Town", "Source": "GAD, Aug 2018", "Remark": ""}}, {"type": "Feature", "id": "mmr_pplp1_mimu250k.478", "geometry": {"type": "Point", "coordinates": [95.5636, 22.9311]}, "geometry_name": "the_geom", "properties": {"SD_Pcode": "MMR005", "State_Divi": "Sagaing", "D_Pcode": "MMR005D010", "District": "Kanbalu", "TS_Pcode": "MMR005007", "Township": "Kanbalu", "Town_Pcode": "MMR005007702", "Town": "Zee Kone", "Town_MMR4": "\u1007\u102e\u1038\u1000\u102f\u1014\u103a\u1038", "Longitude": 95.5636, "Latitude": 22.9311, "Level": "Other Town", "Source": "GAD, Jan 2017", "Remark": ""}}, {"type": "Feature", "id": "mmr_pplp1_mimu250k.479", "geometry": {"type": "Point", "coordinates": [96.5825446173, 19.9862621927]}, "geometry_name": "the_geom", "properties": {"SD_Pcode": "MMR014", "State_Divi": "Shan (South)", "D_Pcode": "MMR014S002", "District": "Pa-O Self-Administered Zone", "TS_Pcode": "MMR014009", "Township": "Pinlaung", "Town_Pcode": "MMR014009703", "Town": "Pawng Lawng", "Town_MMR4": "\u1015\u1031\u102b\u1004\u103a\u1038\u101c\u1031\u102c\u1004\u103a\u1038", "Longitude": 96.5825446173, "Latitude": 19.9862621927, "Level": "Other Town", "Source": "GAD, Jun 2015", "Remark": ""}}, {"type": "Feature", "id": "mmr_pplp1_mimu250k.480", "geometry": {"type": "Point", "coordinates": [96.04948, 21.90314]}, "geometry_name": "the_geom", "properties": {"SD_Pcode": "MMR010", "State_Divi": "Mandalay", "D_Pcode": "MMR010D001", "District": "Mandalay", "TS_Pcode": "MMR010006", "Township": "Amarapura", "Town_Pcode": "MMR010006701", "Town": "Amarapura", "Town_MMR4": "\u1021\u1019\u101b\u1015\u1030\u101b", "Longitude": 96.04948, "Latitude": 21.90314, "Level": "Main Town", "Source": "GAD, Mar 2015", "Remark": ""}}, {"type": "Feature", "id": "mmr_pplp1_mimu250k.481", "geometry": {"type": "Point", "coordinates": [96.309, 19.862]}, "geometry_name": "the_geom", "properties": {"SD_Pcode": "MMR018", "State_Divi": "Nay Pyi Taw", "D_Pcode": "MMR018D001", "District": "Oke Ta Ra", "TS_Pcode": "MMR018001", "Township": "Zay Yar Thi Ri", "Town_Pcode": "MMR018001701", "Town": "Zay Yar Thi Ri", "Town_MMR4": "\u1007\u1031\u101a\u103b\u102c\u101e\u102e\u101b\u102d", "Longitude": 96.309, "Latitude": 19.862, "Level": "Main Town", "Source": "GAD, Mar 2015", "Remark": "Urban Township"}}, {"type": "Feature", "id": "mmr_pplp1_mimu250k.482", "geometry": {"type": "Point", "coordinates": [96.22582, 16.84016]}, "geometry_name": "the_geom", "properties": {"SD_Pcode": "MMR013", "State_Divi": "Yangon", "D_Pcode": "MMR013D002", "District": "Yangon (East)", "TS_Pcode": "MMR013018", "Township": "Dagon Myothit (South)", "Town_Pcode": "MMR013018701", "Town": "Dagon Myothit (South)", "Town_MMR4": "\u1012\u1002\u102f\u1036\u1019\u103c\u102d\u102f\u1037\u101e\u1005\u103a(\u1010\u1031\u102c\u1004\u103a\u1015\u102d\u102f\u1004\u103a\u1038)", "Longitude": 96.22582, "Latitude": 16.84016, "Level": "Main Town", "Source": "GAD, Mar 2015", "Remark": "Urban Township"}}, {"type": "Feature", "id": "mmr_pplp1_mimu250k.483", "geometry": {"type": "Point", "coordinates": [96.19079, 16.87774]}, "geometry_name": "the_geom", "properties": {"SD_Pcode": "MMR013", "State_Divi": "Yangon", "D_Pcode": "MMR013D002", "District": "Yangon (East)", "TS_Pcode": "MMR013019", "Township": "Dagon Myothit (North)", "Town_Pcode": "MMR013019701", "Town": "Dagon Myothit (North)", "Town_MMR4": "\u1012\u1002\u102f\u1036\u1019\u103c\u102d\u102f\u1037\u101e\u1005\u103a(\u1019\u103c\u1031\u102c\u1000\u103a\u1015\u102d\u102f\u1004\u103a\u1038)", "Longitude": 96.19079, "Latitude": 16.87774, "Level": "Main Town", "Source": "GAD, Mar 2015", "Remark": "Urban Township"}}, {"type": "Feature", "id": "mmr_pplp1_mimu250k.484", "geometry": {"type": "Point", "coordinates": [96.08329, 16.95504]}, "geometry_name": "the_geom", "properties": {"SD_Pcode": "MMR013", "State_Divi": "Yangon", "D_Pcode": "MMR013D001", "District": "Yangon (North)", "TS_Pcode": "MMR013007", "Township": "Shwepyithar", "Town_Pcode": "MMR013007701", "Town": "Shwepyithar", "Town_MMR4": "\u101b\u103d\u103e\u1031\u1015\u103c\u100a\u103a\u101e\u102c", "Longitude": 96.08329, "Latitude": 16.95504, "Level": "Main Town", "Source": "GAD, Mar 2015", "Remark": "Urban Township"}}, {"type": "Feature", "id": "mmr_pplp1_mimu250k.485", "geometry": {"type": "Point", "coordinates": [96.0904971774, 19.7002617446]}, "geometry_name": "the_geom", "properties": {"SD_Pcode": "MMR018", "State_Divi": "Nay Pyi Taw", "D_Pcode": "MMR018D002", "District": "Det Khi Na", "TS_Pcode": "MMR018004", "Township": "Det Khi Na Thi Ri", "Town_Pcode": "MMR018004701", "Town": "Det Khi Na Thi Ri", "Town_MMR4": "\u1012\u1000\u1039\u1001\u102d\u100f\u101e\u102e\u101b\u102d", "Longitude": 96.0904971774, "Latitude": 19.7002617446, "Level": "Main Town", "Source": "GAD, Mar 2015", "Remark": "Urban Township"}}, {"type": "Feature", "id": "mmr_pplp1_mimu250k.486", "geometry": {"type": "Point", "coordinates": [96.072608724, 19.7686736421]}, "geometry_name": "the_geom", "properties": {"SD_Pcode": "MMR018", "State_Divi": "Nay Pyi Taw", "D_Pcode": "MMR018D002", "District": "Det Khi Na", "TS_Pcode": "MMR018002", "Township": "Za Bu Thi Ri", "Town_Pcode": "MMR018002701", "Town": "Za Bu Thi Ri", "Town_MMR4": "\u1007\u1019\u1039\u1017\u1030\u101e\u102e\u101b\u102d", "Longitude": 96.072608724, "Latitude": 19.7686736421, "Level": "Main Town", "Source": "GAD, Mar 2015", "Remark": "Urban Township"}}, {"type": "Feature", "id": "mmr_pplp1_mimu250k.487", "geometry": {"type": "Point", "coordinates": [96.043, 19.891]}, "geometry_name": "the_geom", "properties": {"SD_Pcode": "MMR018", "State_Divi": "Nay Pyi Taw", "D_Pcode": "MMR018D001", "District": "Oke Ta Ra", "TS_Pcode": "MMR018008", "Township": "Oke Ta Ra Thi Ri", "Town_Pcode": "MMR018008701", "Town": "Oke Ta Ra Thi Ri", "Town_MMR4": "\u1025\u1010\u1039\u1010\u101b\u101e\u102e\u101b\u102d", "Longitude": 96.043, "Latitude": 19.890999999999995, "Level": "Main Town", "Source": "GAD, Mar 2015", "Remark": "Urban Township"}}, {"type": "Feature", "id": "mmr_pplp1_mimu250k.488", "geometry": {"type": "Point", "coordinates": [96.1323128013, 17.0427556521]}, "geometry_name": "the_geom", "properties": {"SD_Pcode": "MMR013", "State_Divi": "Yangon", "D_Pcode": "MMR013D001", "District": "Yangon (North)", "TS_Pcode": "MMR013002", "Township": "Mingaladon", "Town_Pcode": "MMR013002702", "Town": "Htaukkyant", "Town_MMR4": "\u1011\u1031\u102c\u1000\u103a\u1000\u103c\u1014\u103a\u1037", "Longitude": 96.1323128013, "Latitude": 17.0427556521, "Level": "Main Town", "Source": "GAD, Mar 2015", "Remark": "Urban Township"}}, {"type": "Feature", "id": "mmr_pplp1_mimu250k.489", "geometry": {"type": "Point", "coordinates": [93.634163, 22.255529]}, "geometry_name": "the_geom", "properties": {"SD_Pcode": "MMR004", "State_Divi": "Chin", "D_Pcode": "MMR004D003", "District": "Hakha", "TS_Pcode": "MMR004002", "Township": "Hakha", "Town_Pcode": "MMR004002702", "Town": "Surkhua", "Town_MMR4": "\u1006\u1030\u101b\u103a\u1001\u103d\u102c\u1038", "Longitude": 93.634163, "Latitude": 22.255529, "Level": "Other Town", "Source": "GAD, May 2019", "Remark": "New Town, GAD May 2019 (order no. 128/2019)"}}, {"type": "Feature", "id": "mmr_pplp1_mimu250k.490", "geometry": {"type": "Point", "coordinates": [96.436251, 24.873985]}, "geometry_name": "the_geom", "properties": {"SD_Pcode": "MMR001", "State_Divi": "Kachin", "D_Pcode": "MMR001D002", "District": "Mohnyin", "TS_Pcode": "MMR001007", "Township": "Mohnyin", "Town_Pcode": "MMR001007705", "Town": "Nam Mar", "Town_MMR4": "\u1014\u1014\u103a\u1038\u1019\u102c\u1038", "Longitude": 96.436251, "Latitude": 24.873985, "Level": "Other Town", "Source": "GAD, Sep 2019", "Remark": "New Town, GAD Sep 2019 (order no. 303/2019)"}}, {"type": "Feature", "id": "mmr_pplp1_mimu250k.491", "geometry": {"type": "Point", "coordinates": [93.694846, 19.038619]}, "geometry_name": "the_geom", "properties": {"SD_Pcode": "MMR012", "State_Divi": "Rakhine", "D_Pcode": "MMR012D003", "District": "Kyaukpyu", "TS_Pcode": "MMR012013", "Township": "Ramree", "Town_Pcode": "MMR012013702", "Town": "Lay Taung Town", "Town_MMR4": "\u101c\u1031\u1038\u1010\u1031\u102c\u1004\u103a", "Longitude": 93.694846, "Latitude": 19.038619, "Level": "Other Town", "Source": "GAD, Sep 2019", "Remark": "New Town, GAD Sep 2019 (order no. 304/2019)"}}, {"type": "Feature", "id": "mmr_pplp1_mimu250k.492", "geometry": {"type": "Point", "coordinates": [94.12645, 18.998289]}, "geometry_name": "the_geom", "properties": {"SD_Pcode": "MMR012", "State_Divi": "Rakhine", "D_Pcode": "MMR012D004", "District": "Thandwe", "TS_Pcode": "MMR012016", "Township": "Toungup", "Town_Pcode": "MMR012016703", "Town": "Tan Hlwe Ywar Ma Town", "Town_MMR4": "\u1010\u1014\u103a\u1038\u101c\u103d\u1032\u101b\u103d\u102c\u1019", "Longitude": 94.12645, "Latitude": 18.998289, "Level": "Other Town", "Source": "GAD, Sep 2019", "Remark": "New Town, GAD Sep 2019 (order no. 304/2019)"}}, {"type": "Feature", "id": "mmr_pplp1_mimu250k.493", "geometry": {"type": "Point", "coordinates": [96.905960083, 20.4549293518]}, "geometry_name": "the_geom", "properties": {"SD_Pcode": "MMR014", "State_Divi": "Shan (South)", "D_Pcode": "MMR014D001", "District": "Taunggyi", "TS_Pcode": "MMR014002", "Township": "Nyaungshwe", "Town_Pcode": "MMR014002702", "Town": "Nang Pang Town", "Town_MMR4": "\u1014\u1014\u103a\u1038\u1015\u1014\u103a", "Longitude": 96.905960083, "Latitude": 20.4549293518, "Level": "Other Town", "Source": "GAD, Dec 2019", "Remark": "New Town, GAD Dec 2019 (order no. 550/2019)"}}, {"type": "Feature", "id": "mmr_pplp1_mimu250k.494", "geometry": {"type": "Point", "coordinates": [97.32928742899873, 19.549089564649694]}, "geometry_name": "the_geom", "properties": {"SD_Pcode": "MMR002", "State_Divi": "Kayah", "D_Pcode": "MMR002D001", "District": "Loikaw", "TS_Pcode": "MMR002001", "Township": "Loikaw", "Town_Pcode": "MMR002001703", "Town": "Law Pi Ta", "Town_MMR4": "\u101c\u1031\u102c\u1015\u102d\u1010", "Longitude": 97.32928742899873, "Latitude": 19.549089564649694, "Level": "Other Town", "Source": "GAD", "Remark": "New Town, GAD December 2020"}}], "crs": {"type": "name", "properties": {"name": "urn:ogc:def:crs:EPSG::4326"}}}